Timer;Accel1X;Accel1Y;Accel1Z;Gyro1X;Gyro1Y;Gyro1Z;Accel2X;Accel2Y;Accel2Z;Gyro2X;Gyro2Y;Gyro2Z;Flexion;Latitude;Longitude;Altitude;Vitesse;Orientation;Satellites;HDOP;
515;18724;96;644;-12058;-201;881;14392;-2360;32767;74;360;88;124;;;;;;;;
2539;19236;480;1164;-12011;-89;884;14940;-2060;32767;92;412;142;34;;;;;;;;
4558;18684;408;1028;-12003;-199;897;14604;-2244;32767;50;356;23;23;;;;;;;;
6991;18704;424;740;-12133;-172;924;14556;-2304;32767;48;380;29;10;;;;;;;;
9010;18856;784;884;-12025;-148;830;14696;-2064;32767;20;403;-49;11;;;;;;;;
11032;18832;596;1052;-12071;-171;912;14668;-2160;32767;51;410;3;16;;;;;;;;
13340;18772;356;1036;-12137;-145;851;14544;-2244;32767;38;397;28;17;;;;;;;;
15359;18812;300;972;-12155;-170;922;14496;-2220;32767;67;421;34;19;;;;;;;;
17378;18756;244;1008;-12041;-167;874;14628;-2276;32767;36;394;56;9;;;;;;;;
20054;18728;288;920;-12083;-173;881;14608;-2268;32767;59;410;34;16;;;;;;;;
22073;18820;440;904;-12055;-191;821;14596;-2328;32767;68;398;22;17;;;;;;;;
24092;18748;252;984;-12095;-181;845;14536;-2368;32767;35;412;7;16;;;;;;;;
26245;18776;364;1016;-12274;-162;814;14540;-2256;32767;52;408;32;8;;;;;;;;
28264;18888;264;1012;-12082;-160;914;14596;-2272;32767;52;389;15;11;;;;;;;;
30283;18892;8;1092;-12061;-176;860;14540;-2364;32767;36;383;35;0;;;;;;;;
32447;18952;352;824;-12114;-170;887;14704;-2204;32767;65;391;21;11;;;;;;;;
34466;18732;552;888;-11971;-170;960;14512;-2304;32767;40;376;10;7;;;;;;;;
36485;18752;344;928;-12055;-194;938;14652;-2336;32767;50;345;50;2;;;;;;;;
38649;18744;184;1024;-11936;-159;947;14516;-2324;32767;52;391;34;9;;;;;;;;
40671;18728;216;892;-11977;-163;894;14500;-2240;32767;28;384;17;12;;;;;;;;
42690;18796;604;976;-12067;-155;894;14596;-2260;32767;58;394;21;0;;;;;;;;
45153;18720;292;820;-12127;-191;853;14560;-2320;32767;42;366;38;0;;;;;;;;
47172;18752;660;1084;-12174;-169;858;14540;-2296;32767;46;362;43;11;;;;;;;;
49191;18748;304;972;-12123;-169;858;14580;-2232;32767;39;384;43;10;;;;;;;;
51339;18748;268;988;-12105;-160;893;14536;-2308;32767;41;395;26;2;;;;;;;;
53363;18812;436;996;-12066;-175;850;14628;-2292;32767;61;399;33;12;;;;;;;;
55382;18728;364;888;-12008;-160;953;14556;-2244;32767;53;364;20;13;;;;;;;;
57644;18752;316;1020;-11914;-202;919;14624;-2312;32767;57;358;29;10;;;;;;;;
59663;18836;320;948;-12113;-159;838;14516;-2272;32767;57;400;1;11;;;;;;;;
61682;18848;524;900;-12064;-147;911;14624;-2296;32767;36;426;22;2;;;;;;;;
63846;18832;208;968;-12007;-158;895;14652;-2292;32767;47;389;32;11;;;;;;;;
65865;18792;436;1068;-12017;-175;908;14552;-2244;32767;59;371;29;9;;;;;;;;
67887;18584;456;896;-12029;-207;879;14344;-2340;32767;58;363;140;7;;;;;;;;
70056;18792;328;932;-12123;-202;977;14580;-2268;32767;43;361;68;7;;;;;;;;
72075;18500;372;932;-12058;-172;913;14376;-2292;32767;34;395;31;2;;;;;;;;
74094;18788;464;900;-12172;-189;945;14564;-2304;32767;44;383;21;2;;;;;;;;
76342;18780;492;928;-12123;-161;875;14588;-2340;32767;70;385;33;13;;;;;;;;
78361;18760;264;864;-12055;-181;942;14560;-2332;32767;52;384;47;12;;;;;;;;
80380;18792;368;868;-12128;-137;905;14476;-2280;32767;55;388;12;12;;;;;;;;
82787;18752;508;1056;-12128;-194;850;14452;-2292;32767;37;392;27;13;;;;;;;;
84806;18760;316;720;-12049;-145;915;14584;-2280;32767;41;390;52;14;;;;;;;;
86825;18848;164;956;-12173;-149;996;14580;-2308;32767;57;408;24;16;;;;;;;;
89251;18696;336;944;-12141;-117;896;14548;-2260;32767;40;424;-1;3;;;;;;;;
91270;18856;564;900;-12153;-157;883;14540;-2308;32767;49;405;22;7;;;;;;;;
93289;18592;224;876;-11981;-175;939;14580;-2284;32767;65;387;2;10;;;;;;;;
95694;18780;812;808;-11961;-191;865;14528;-2224;32767;46;397;2;0;;;;;;;;
97716;18900;352;936;-12064;-162;903;14572;-2240;32767;56;386;50;0;;;;;;;;
99735;18912;340;884;-12073;-182;836;14624;-2244;32767;52;416;-4;0;;;;;;;;
102201;18652;492;1012;-12147;-172;800;14456;-2332;32767;54;410;41;7;;;;;;;;
104222;18788;348;1004;-12075;-193;949;14552;-2268;32767;58;365;13;10;;;;;;;;
106243;18760;308;864;-12015;-131;898;14564;-2332;32767;61;451;17;12;;;;;;;;
108943;18700;304;956;-12060;-200;901;14520;-2324;32767;39;381;27;14;;;;;;;;
110981;18780;124;932;-12168;-190;932;14616;-2184;32767;56;398;36;5;;;;;;;;
113005;18752;288;1100;-12071;-146;953;14592;-2312;32767;25;407;38;7;;;;;;;;
115251;18820;504;932;-12061;-180;827;14564;-2276;32767;55;386;38;1;;;;;;;;
117273;18764;400;928;-12096;-148;970;14564;-2252;32767;63;361;20;0;;;;;;;;
119295;18820;224;1016;-11984;-157;856;14616;-2288;32767;51;409;-3;0;;;;;;;;
121446;18904;360;940;-12108;-148;931;14528;-2220;32767;64;402;13;6;;;;;;;;
123468;18728;216;984;-11891;-156;897;14604;-2288;32767;36;403;27;5;;;;;;;;
125493;18816;260;1232;-12044;-182;930;14496;-2264;32767;56;412;34;0;;;;;;;;
127644;18836;148;984;-12064;-174;944;14604;-2244;32767;47;411;34;6;;;;;;;;
129666;18796;228;816;-12002;-161;1018;14572;-2308;32767;61;382;7;7;;;;;;;;
131688;18888;92;916;-12213;-170;932;14572;-2188;32767;45;378;12;4;;;;;;;;
134195;18820;572;904;-12034;-170;870;14564;-2232;32767;46;417;38;0;;;;;;;;
136217;18880;124;808;-11988;-159;908;14604;-2228;32767;23;401;31;0;;;;;;;;
138239;18752;380;1032;-12044;-149;926;14508;-2292;32767;52;372;43;0;;;;;;;;
140569;18896;416;956;-12126;-162;889;14524;-2184;32767;43;402;-1;0;;;;;;;;
142591;18832;520;944;-12105;-209;920;14548;-2228;32767;28;375;22;0;;;;;;;;
144613;18836;384;764;-12023;-157;981;14524;-2304;32767;53;405;6;0;;;;;;;;
147064;18828;640;948;-12080;-197;943;14604;-2284;32767;52;382;36;6;;;;;;;;
149086;18600;264;896;-12096;-158;907;14524;-2280;32767;40;408;25;1;;;;;;;;
151108;18940;388;1104;-12020;-144;964;14588;-2296;32767;32;414;12;2;;;;;;;;
153354;18804;240;840;-12058;-161;1003;14552;-2268;32767;61;367;16;0;;;;;;;;
155375;18856;368;1056;-12130;-168;1001;14600;-2272;32767;47;388;31;0;;;;;;;;
157397;18860;248;1040;-12000;-170;886;14620;-2260;32767;34;381;38;1;;;;;;;;
159548;18744;372;968;-12052;-178;985;14500;-2260;32767;68;384;35;0;;;;;;;;
161570;18808;216;1060;-12074;-164;855;14528;-2320;32767;54;385;34;0;;;;;;;;
163592;18728;568;868;-12142;-172;940;14576;-2308;32767;60;404;23;0;;;;;;;;
165868;18748;580;908;-12070;-142;871;14520;-2296;32767;30;409;7;0;;;;;;;;
167893;18784;476;1012;-12006;-173;934;14564;-2256;32767;47;394;30;0;;;;;;;;
169915;18800;392;920;-12126;-178;904;14580;-2252;32767;32;390;17;2;;;;;;;;
172155;18776;76;948;-12092;-165;918;14608;-2264;32767;43;415;33;0;;;;;;;;
174177;18680;252;996;-12143;-160;823;14552;-2336;32767;57;401;15;1;;;;;;;;
176199;18848;452;1108;-12117;-159;941;14568;-2228;32767;61;381;18;3;;;;;;;;
178355;18744;352;872;-12034;-207;991;14612;-2256;32767;50;354;45;3;;;;;;;;
180377;18844;200;996;-12116;-157;853;14640;-2236;32767;49;399;27;6;;;;;;;;
182404;18804;388;1048;-12066;-186;877;14604;-2168;32767;43;376;59;0;;;;;;;;
184748;18724;432;1020;-12176;-138;877;14652;-2212;32767;26;386;30;0;;;;;;;;
186770;18840;212;796;-12001;-160;936;14496;-2256;32767;50;423;22;0;;;;;;;;
188795;18704;404;864;-12053;-151;834;14476;-2300;32767;70;380;18;0;;;;;;;;
190949;18752;352;916;-12185;-201;812;14616;-2248;32767;40;383;24;0;;;;;;;;
192974;18804;-60;832;-12037;-180;956;14568;-2236;32767;72;382;31;0;;;;;;;;
194999;18804;228;964;-12029;-127;857;14580;-2284;32767;41;402;1;0;;;;;;;;
197168;18796;496;1084;-12008;-155;862;14568;-2220;32767;49;418;44;0;;;;;;;;
199193;18816;272;948;-12217;-150;861;14584;-2292;32767;37;389;0;0;;;;;;;;
201251;18792;552;908;-12078;-175;912;14632;-2176;32767;59;384;45;0;;;;;;;;
203953;18820;712;1024;-12035;-193;969;14532;-2224;32767;44;378;22;0;;;;;;;;
205978;18764;304;868;-12152;-142;968;14444;-2260;32767;45;423;45;0;;;;;;;;
208003;18840;480;896;-12116;-167;963;14528;-2228;32767;42;410;38;0;;;;;;;;
210257;18668;324;912;-12088;-176;943;14564;-2268;32767;53;412;8;0;;;;;;;;
212282;18752;300;1076;-12072;-181;873;14652;-2288;32767;49;377;34;0;;;;;;;;
214307;18744;276;888;-12032;-181;868;14504;-2292;32767;48;366;36;0;;;;;;;;
216556;18732;164;1012;-12183;-194;915;14540;-2264;32767;35;366;57;0;;;;;;;;
218581;18776;232;972;-12190;-152;882;14568;-2296;32767;66;414;20;0;;;;;;;;
220606;18856;340;1040;-11989;-142;932;14544;-2232;32767;68;395;13;0;;;;;;;;
222855;18928;380;904;-12155;-200;922;14668;-2272;32767;68;380;60;0;;;;;;;;
224896;18880;404;644;-12172;-176;921;14492;-2360;32767;82;402;26;0;;;;;;;;
226922;18668;396;724;-12123;-124;982;14324;-2232;32767;30;401;-21;0;;;;;;;;
229076;18724;236;844;-12019;-1;943;14588;-2200;32767;9;563;-152;0;;;;;;;;
231101;18712;528;784;-11977;-195;897;14472;-2196;32767;68;374;18;0;;;;;;;;
233126;18792;364;764;-12093;-141;875;14668;-2380;32767;54;419;22;0;;;;;;;;
235456;18912;576;700;-12089;-172;871;14552;-2220;32767;63;427;36;0;;;;;;;;
237481;18672;512;764;-12133;-167;886;14556;-2272;32767;56;384;38;0;;;;;;;;
239510;18848;404;700;-12163;-184;828;14504;-2212;32767;57;383;24;0;;;;;;;;
241760;18848;372;872;-12139;-149;947;14576;-2224;32767;44;413;27;0;;;;;;;;
243785;18848;384;772;-12061;-175;958;14568;-2208;32767;47;385;38;0;;;;;;;;
245810;18836;356;944;-12027;-170;878;14544;-2252;32767;46;403;38;0;;;;;;;;
248065;18900;424;772;-12037;-167;1041;14524;-2244;32767;39;383;-5;0;;;;;;;;
250090;18784;772;860;-12148;-149;940;14548;-2212;32767;38;392;47;0;;;;;;;;
252115;18724;476;848;-12078;-191;852;14476;-2232;32767;51;397;0;0;;;;;;;;
254456;18860;444;732;-12016;-161;971;14588;-2216;32767;56;393;12;0;;;;;;;;
256481;18784;372;764;-12113;-168;895;14580;-2248;32767;58;393;27;0;;;;;;;;
258506;18868;468;764;-12105;-198;902;14648;-2180;32767;40;383;-1;0;;;;;;;;
260897;18832;464;760;-12103;-179;969;14584;-2212;32767;65;371;37;0;;;;;;;;
262922;18800;344;548;-12083;-181;856;14544;-2244;32767;65;410;8;0;;;;;;;;
264947;18724;436;800;-12129;-184;920;14524;-2256;32767;51;391;16;0;;;;;;;;
267363;18732;376;820;-12038;-198;970;14628;-2204;32767;48;389;40;0;;;;;;;;
269388;18768;344;740;-12025;-196;920;14540;-2224;32767;46;385;46;0;;;;;;;;
271413;18844;140;808;-12112;-130;845;14520;-2292;32767;29;434;36;0;;;;;;;;
273662;18800;316;548;-12106;-185;933;14544;-2240;32767;39;405;24;0;;;;;;;;
275687;18856;220;796;-12091;-184;895;14584;-2252;32767;70;408;27;0;;;;;;;;
277712;18796;48;880;-12126;-166;867;14532;-2184;32767;43;399;32;0;;;;;;;;
279961;18792;360;692;-12149;-144;907;14620;-2272;32767;51;415;15;0;;;;;;;;
282002;18868;236;696;-12102;-203;893;14680;-2280;32767;51;388;9;0;;;;;;;;
284027;18768;352;696;-12010;-162;911;14488;-2260;32767;49;409;39;0;;;;;;;;
286357;18912;428;636;-12087;-157;928;14552;-2180;32767;45;391;14;0;;;;;;;;
288382;18808;300;836;-12088;-197;853;14524;-2232;32767;62;404;15;0;;;;;;;;
290407;18876;432;792;-12066;-178;1035;14592;-2452;32767;63;375;58;0;;;;;;;;
292754;18804;260;668;-12152;-179;864;14536;-2248;32767;51;388;40;0;;;;;;;;
294779;18932;500;752;-11973;-158;868;14452;-2260;32767;41;397;25;0;;;;;;;;
296809;18812;400;696;-12036;-171;900;14536;-2160;32767;71;398;30;0;;;;;;;;
299064;18836;424;704;-12232;-158;937;14520;-2240;32767;20;387;22;0;;;;;;;;
301089;18876;404;684;-12164;-150;824;14552;-2248;32767;34;407;20;0;;;;;;;;
303114;18752;428;792;-12048;-164;892;14544;-2144;32767;68;389;31;0;;;;;;;;
305704;18660;492;748;-12082;-177;948;14548;-2156;32767;43;380;23;0;;;;;;;;
307729;18844;156;932;-12105;-205;907;14560;-2400;32767;52;375;15;0;;;;;;;;
309754;18788;560;780;-12078;-159;967;14548;-2264;32767;50;408;32;0;;;;;;;;
312458;18800;160;844;-12132;-182;952;14480;-2168;32767;47;407;19;0;;;;;;;;
314483;18832;328;768;-12046;-160;977;14512;-2188;32767;55;417;28;0;;;;;;;;
316508;18852;420;776;-12080;-186;878;14564;-2168;32767;59;411;20;0;;;;;;;;
318777;18748;116;804;-12025;-197;900;14520;-2168;32767;43;386;36;0;;;;;;;;
320805;18828;456;680;-12146;-170;944;14496;-2240;32767;56;380;13;0;;;;;;;;
322832;18864;356;820;-12042;-156;882;14536;-2296;32767;41;442;30;0;;;;;;;;
325086;18884;592;716;-12236;-144;865;14548;-2096;32767;55;386;12;0;;;;;;;;
327111;18720;432;640;-12081;-166;837;14588;-2180;32767;45;399;12;0;;;;;;;;
329136;18740;244;828;-11965;-146;945;14540;-2184;32767;48;417;33;0;;;;;;;;
332454;18908;252;644;-12008;-148;913;14572;-2228;32767;48;388;2;0;;;;;;;;
334479;18816;364;548;-12029;-167;828;14580;-2200;32767;51;377;50;0;;;;;;;;
336504;18784;76;848;-12085;-152;823;14524;-2220;32767;39;403;26;0;;;;;;;;
338685;18836;280;692;-12079;-174;824;14564;-2204;32767;53;401;18;0;;;;;;;;
340724;18696;480;760;-12143;-172;880;14488;-2184;32767;65;405;55;0;;;;;;;;
342750;18836;476;672;-12171;-176;914;14548;-2196;32767;65;376;35;0;;;;;;;;
345150;18748;348;644;-12061;-183;920;14480;-2280;32767;50;401;31;0;;;;;;;;
347175;18832;412;624;-12099;-182;925;14540;-2200;32767;39;396;32;0;;;;;;;;
349200;18880;388;720;-12157;-166;818;14512;-2232;32767;29;420;40;0;;;;;;;;
351354;18692;320;852;-12148;-162;967;14500;-2180;32767;49;398;22;0;;;;;;;;
353379;18764;312;676;-12161;-174;964;14592;-2264;32767;30;384;39;0;;;;;;;;
355409;18804;480;844;-12197;-162;875;14576;-2260;32767;37;370;22;0;;;;;;;;
357659;18808;416;696;-12064;-155;879;14512;-2200;32767;34;419;15;0;;;;;;;;
359684;18780;276;736;-12110;-196;880;14484;-2220;32767;58;401;20;0;;;;;;;;
361709;18836;484;808;-12016;-159;851;14576;-2228;32767;32;408;18;0;;;;;;;;
364361;18876;228;724;-12094;-164;964;14628;-2228;32767;57;364;39;0;;;;;;;;
366386;18716;480;624;-12224;-176;884;14580;-2196;32767;45;402;28;0;;;;;;;;
368414;18744;396;704;-12149;-163;971;14556;-2272;32767;35;401;34;0;;;;;;;;
370664;18796;524;724;-12075;-171;948;14544;-2280;32767;48;420;27;0;;;;;;;;
372689;18920;100;880;-12129;-151;883;14476;-2232;32767;43;404;36;0;;;;;;;;
374714;18744;444;748;-12141;-162;876;14552;-2204;32767;63;401;29;0;;;;;;;;
376963;18728;136;780;-12153;-166;882;14588;-2216;32767;81;403;7;0;;;;;;;;
378988;18872;552;756;-12133;-184;909;14592;-2180;32767;36;394;29;0;;;;;;;;
381013;18780;348;808;-12122;-150;891;14488;-2144;32767;53;388;8;0;;;;;;;;
383267;18816;696;668;-12060;-164;927;14568;-2300;32767;51;392;30;0;;;;;;;;
385292;18752;112;708;-12109;-183;908;14540;-2184;32767;59;404;31;0;;;;;;;;
387317;18824;172;856;-12133;-157;981;14584;-2312;32767;60;412;22;0;;;;;;;;
389506;18772;304;756;-11968;-191;898;14556;-2236;32767;46;398;25;0;;;;;;;;
391531;18840;372;780;-12083;-154;961;14592;-2208;32767;42;419;40;0;;;;;;;;
393556;18812;620;780;-12081;-197;997;14488;-2208;32767;71;378;24;0;;;;;;;;
397262;18860;100;752;-12140;-175;867;14608;-2196;32767;28;408;15;0;;;;;;;;
399290;18784;320;720;-12033;-164;897;14508;-2268;32767;52;406;42;0;;;;;;;;
401315;18692;416;692;-12101;-157;890;14512;-2236;32767;53;417;26;0;;;;;;;;
403564;18868;636;652;-12077;-168;930;14576;-2232;32767;36;408;11;0;;;;;;;;
405602;18836;360;888;-12146;-201;949;14528;-2220;32767;45;390;48;0;;;;;;;;
407627;18768;532;712;-12045;-136;943;14508;-2200;32767;39;391;30;0;;;;;;;;
409860;18868;236;772;-12111;-185;880;14528;-2220;32767;43;392;9;0;;;;;;;;
411885;18772;576;680;-12147;-192;948;14548;-2228;32767;53;408;30;0;;;;;;;;
413915;18784;276;792;-12090;-163;954;14512;-2216;32767;50;415;34;0;;;;;;;;
416069;18904;572;820;-12066;-192;861;14576;-2112;32767;63;365;42;0;;;;;;;;
418094;18708;564;704;-12084;-205;870;14580;-2224;32767;55;392;39;0;;;;;;;;
420119;18692;528;780;-12122;-166;880;14612;-2232;32767;52;407;30;0;;;;;;;;
422655;18916;312;852;-12272;-172;937;14572;-2228;32767;45;392;22;0;;;;;;;;
424680;18788;676;636;-12030;-167;1000;14568;-2164;32767;49;388;32;0;;;;;;;;
426708;18884;492;704;-12196;-168;909;14572;-2192;32767;47;408;8;0;;;;;;;;
428862;18856;280;768;-12188;-177;869;14596;-2292;32767;35;381;32;0;;;;;;;;
430887;18796;308;692;-11999;-174;956;14508;-2252;32767;54;408;36;0;;;;;;;;
432912;18452;1916;2472;-13265;204;943;14132;-808;32767;-4515;763;1502;0;;;;;;;;
435463;19168;376;6560;-13553;6305;834;15752;-2080;32767;-6551;6463;-1655;0;;;;;;;;
437488;21404;-44;1608;-12279;-2076;1032;16880;-2524;32767;82;-1276;2728;0;;;;;;;;
439513;21600;-972;-1608;-13741;-1467;1070;16644;-3448;32767;-5496;-1243;3965;0;;;;;;;;
441767;22072;2684;1420;-14192;-2337;636;18636;428;32767;-8741;-2240;-3095;0;;;;;;;;
443792;22100;-696;1688;-11594;-618;867;18308;-3044;32767;2524;-96;64;0;;;;;;;;
445817;16556;320;308;-13585;388;1121;12308;-2228;32767;-5509;840;2961;0;;;;;;;;
448161;19248;1832;-372;-13730;-582;941;14828;-676;32767;-6327;-292;1407;0;;;;;;;;
450190;18644;-32;-672;-12008;-1715;1027;14316;-2376;32767;1161;-1018;3099;0;;;;;;;;
452215;18332;-3896;6808;-13852;41;1417;14204;-6408;32767;-5068;514;10381;0;;;;;;;;
454482;18552;-652;-472;-12184;-299;637;14196;-3196;32767;-1235;160;-6444;0;;;;;;;;
456509;17616;-1272;-256;-11923;-32;844;12548;-3968;32767;174;490;-1135;0;;;;;;;;
458534;19016;2120;-364;-12102;-638;1040;14560;-644;32767;345;-11;1477;0;;;;;;;;
461266;18836;1836;-340;-12212;-143;866;14352;-716;32767;41;423;-27;0;;;;;;;;
463291;18888;1952;-340;-11972;-171;786;14412;-716;32767;57;407;6;0;;;;;;;;
465316;18904;1980;-352;-12045;-182;899;14264;-720;32767;82;386;28;0;;;;;;;;
467483;18860;1700;-404;-11992;-154;933;14324;-632;32767;48;384;9;0;;;;;;;;
469508;18860;2296;-520;-12000;-194;958;14388;-656;32767;42;390;31;0;;;;;;;;
471533;18784;1816;-368;-12069;-160;876;14312;-632;32767;54;363;23;0;;;;;;;;
473704;18896;1776;-340;-12002;-193;772;14336;-680;32767;46;359;46;0;;;;;;;;
475729;18816;2424;-308;-12048;-67;887;14436;-348;32767;-10;489;-316;0;;;;;;;;
477754;18968;2160;-424;-11988;-202;935;14388;-376;32767;63;370;119;0;;;;;;;;
480092;18868;2336;-244;-11914;-190;837;14420;-384;32767;51;383;33;0;;;;;;;;
482120;18848;2220;-396;-12013;-176;923;14360;-348;32767;71;368;106;0;;;;;;;;
484145;18896;2124;-228;-12037;-157;896;14384;-400;32767;57;385;-27;0;;;;;;;;
486397;18880;2072;-328;-12028;-180;921;14348;-324;32767;52;362;56;0;;;;;;;;
488422;18852;2416;-212;-12061;-161;906;14280;-376;32767;45;382;18;0;;;;;;;;
490447;18924;2420;-304;-11950;-177;884;14352;-392;32767;60;371;34;0;;;;;;;;
492612;18908;2320;-448;-11880;-197;836;14304;-452;32767;76;339;73;0;;;;;;;;
494637;18832;2376;-284;-11851;-166;883;14348;-464;32767;65;381;10;0;;;;;;;;
496667;18932;2104;-304;-11922;-169;863;14312;-448;32767;52;371;32;0;48.845413;2.357096;83;0;0;6;160;
498897;18852;2508;-284;-12154;-192;899;14392;-396;32767;42;359;28;0;48.845413;2.357096;83;0;0;6;160;
500934;14504;3176;-1976;-11566;3147;471;9916;344;32767;-107;4274;-6903;0;48.845413;2.357096;83;0;0;6;160;
502970;16216;-5540;-320;-12220;-1027;1027;11984;-8520;32767;-1033;-537;791;0;48.845413;2.357083;75;3;93;6;160;
505931;17772;-3980;-204;-12164;-411;927;13676;-6992;32767;-576;73;-217;0;48.845413;2.357083;75;3;93;6;160;
507971;17844;-1076;-3252;-12789;1358;977;13192;-3644;32767;-2303;1983;3795;0;48.845413;2.357083;75;3;93;6;160;
510008;18008;928;-2424;-11984;869;1005;12700;-1548;32767;69;1526;543;0;48.845409;2.357089;79;1;93;6;160;
512810;20844;-1280;5428;-3888;-10210;511;18296;-3200;32767;29908;-8974;-10319;0;48.845409;2.357089;79;1;93;6;160;
514847;17488;-708;2740;-12034;-540;944;13764;-3456;32767;154;-42;1312;0;48.845409;2.357089;79;1;93;6;160;
516888;19716;640;-1588;-13687;924;780;15220;-2076;32767;-7037;1148;-1227;0;48.845398;2.357110;89;0;19;5;230;
519403;13040;-1176;-880;-10551;-165;820;8052;-4064;32767;5167;335;-3638;0;48.845398;2.357110;89;0;19;5;230;
521440;18468;-2184;-368;-12373;641;1014;13436;-4896;32767;-914;1230;1464;0;48.845398;2.357110;89;0;19;5;230;
523477;16284;1740;-552;-11866;1263;803;11552;-636;32767;426;1816;-748;0;48.845402;2.357109;88;1;19;5;230;
526220;21768;1292;-844;-11511;3745;932;17004;-952;32767;1866;4307;359;0;48.845402;2.357109;88;1;19;5;230;
528260;20644;5324;-2388;-11136;-44;982;15712;2612;32767;3601;585;1228;0;48.845402;2.357109;88;1;19;5;230;
530296;15592;1692;-2560;-12415;3664;1035;10604;-992;32767;-1535;4313;1377;0;;;;;;;;
532477;18736;-148;-2196;-12961;2206;812;13280;-2740;32767;-4346;2435;-1328;0;;;;;;;;
534502;18900;3516;-1644;-11628;-847;902;14144;1196;32767;1208;-224;19;0;;;;;;;;
536527;18316;2908;-3280;-11974;107;879;13252;92;32767;-36;661;387;0;;;;;;;;
538970;19100;3424;300;-14077;701;746;14812;1004;32767;-8468;864;-1159;0;;;;;;;;
541000;20236;2276;-2240;-10829;-3338;675;15532;-232;32767;3791;-2668;-4709;0;;;;;;;;
543025;20760;4040;-2560;-11417;-1738;606;15916;1592;32767;1964;-1168;-3731;0;;;;;;;;
545504;18312;2800;-1336;-12900;-1739;978;13492;-32;32767;-3287;-1330;789;0;;;;;;;;
547529;17724;4128;-360;-16956;1988;1048;13144;1776;32767;-18276;1992;5873;0;;;;;;;;
549554;18756;2328;-492;-12001;-149;831;14376;-424;32767;58;387;53;0;;;;;;;;
552173;18892;2360;-436;-12008;-164;925;14292;-332;32767;57;392;32;0;;;;;;;;
554214;18856;2292;-488;-12112;-177;889;14316;-432;32767;58;368;44;0;;;;;;;;
556240;19252;2028;-2248;-11977;-282;865;12768;-460;32767;62;309;87;0;;;;;;;;
558569;18964;2140;-356;-12076;-176;965;14384;-388;32767;57;359;57;0;;;;;;;;
560594;18832;2296;-296;-11998;-176;936;14368;-388;32767;46;385;55;0;;;;;;;;
562619;18948;2340;-432;-12084;-151;855;14356;-340;32767;62;380;28;0;;;;;;;;
565369;18836;2232;-220;-11934;-176;887;14300;-372;32767;56;385;33;0;;;;;;;;
567394;18884;2028;-412;-12010;-184;841;14284;-396;32767;49;389;29;0;;;;;;;;
569422;18944;2112;-492;-12081;-184;855;14364;-364;32767;48;384;16;0;;;;;;;;
571794;18964;2080;-492;-12009;-167;952;14380;-404;32767;49;407;38;0;;;;;;;;
573819;18912;2344;-244;-12080;-163;1010;14404;-360;32767;46;369;35;0;;;;;;;;
575844;18832;2224;-352;-12071;-179;785;14336;-400;32767;62;369;37;0;;;;;;;;
578296;19784;2292;-852;-11943;-610;950;15100;-400;32767;440;-295;12;0;;;;;;;;
580321;20592;1096;184;-12902;-910;782;16364;-1128;32767;-3150;-485;-628;0;;;;;;;;
582351;18468;1756;-3136;-12274;3867;952;13620;-712;32767;-1312;4430;995;0;;;;;;;;
584776;17096;-1048;-2408;-13983;3127;604;12880;-3720;32767;-8207;3392;-3582;0;;;;;;;;
586801;18932;2188;-452;-12130;-151;918;14344;-408;32767;42;396;23;0;;;;;;;;
588826;18924;2288;-452;-12069;-161;885;14364;-448;32767;54;369;51;0;;;;;;;;
591172;18944;2108;-332;-12001;-203;957;14288;-376;32767;31;390;22;0;;;;;;;;
593197;18972;2124;-496;-12010;-179;863;14352;-416;32767;61;376;30;0;;;;;;;;
595222;18888;2144;-300;-11999;-196;919;14348;-392;32767;56;371;38;0;;;;;;;;
597577;18872;2348;-344;-11959;-169;857;14292;-340;32767;51;357;31;0;;;;;;;;
599602;18912;2172;-284;-11991;-181;894;14368;-352;32767;63;401;34;0;;;;;;;;
601627;18804;2180;-120;-12042;-181;965;14332;-340;32767;45;403;45;0;;;;;;;;
604088;18812;2300;-240;-12004;-164;972;14436;-356;32767;56;385;27;0;;;;;;;;
606113;18984;2168;-352;-11999;-184;875;14320;-364;32767;59;392;36;0;;;;;;;;
608138;18912;1996;-476;-11993;-151;862;14412;-432;32767;55;391;36;0;;;;;;;;
610574;18844;2280;-268;-12038;-182;952;14380;-396;32767;66;386;37;0;;;;;;;;
612599;18792;2356;-520;-12040;-171;807;14388;-404;32767;56;394;38;0;;;;;;;;
614624;18884;2120;-416;-12116;-165;988;14340;-432;32767;54;400;37;0;;;;;;;;
617383;18872;2308;-464;-12119;-170;940;14404;-404;32767;59;392;21;0;;;;;;;;
619408;18872;2112;-236;-12116;-192;935;14400;-432;32767;70;382;36;0;;;;;;;;
621432;18880;2504;-304;-12116;-163;776;14340;-404;32767;44;378;13;0;;;;;;;;
623777;18908;2008;-428;-11982;-172;914;14368;-372;32767;72;392;21;0;;;;;;;;
625805;18860;2228;-380;-12058;-164;921;14380;-420;32767;53;399;35;0;;;;;;;;
627830;18812;1988;-408;-12028;-171;928;14324;-392;32767;46;395;30;0;;;;;;;;
630104;19024;2320;-284;-12039;-177;894;14308;-408;32767;64;392;13;0;;;;;;;;
632129;18872;2492;-400;-11986;-155;980;14392;-424;32767;58;402;19;0;;;;;;;;
634154;18948;2072;-376;-12017;-184;841;14388;-352;32767;45;387;34;0;;;;;;;;
636600;18820;2368;-292;-12148;-173;839;14356;-416;32767;36;396;3;0;;;;;;;;
638625;18964;2112;-392;-11972;-187;909;14316;-384;32767;46;394;31;0;;;;;;;;
640655;18884;2468;-232;-11975;-167;1006;14340;-404;32767;53;380;29;0;;;;;;;;
643093;19008;1996;-216;-12061;-176;882;14384;-464;32767;37;377;35;0;;;;;;;;
645131;18836;2232;-292;-12149;-169;827;14332;-404;32767;55;376;0;0;;;;;;;;
647156;18948;2144;-400;-11987;-174;883;14288;-392;32767;50;367;15;0;;;;;;;;
649780;18812;2392;-256;-12031;-164;889;14332;-416;32767;54;379;40;0;;;;;;;;
651805;18820;2380;-368;-12042;-175;906;14356;-376;32767;58;385;50;0;;;;;;;;
653833;18892;2200;-388;-12018;-170;835;14348;-396;32767;62;366;37;0;;;;;;;;
656370;18952;2208;-452;-12196;-167;844;14356;-416;32767;43;407;31;0;;;;;;;;
658395;18880;2232;-344;-12099;-169;848;14332;-432;32767;39;382;3;0;;;;;;;;
660420;18896;2312;-220;-12078;-178;951;14348;-408;32767;61;390;38;0;;;;;;;;
662680;18852;2176;-392;-12107;-176;901;14384;-392;32767;45;382;45;0;;;;;;;;
664705;18908;1956;-252;-11939;-184;979;14328;-376;32767;59;403;27;0;;;;;;;;
666731;18820;2336;-316;-12007;-177;836;14344;-412;32767;47;367;35;0;;;;;;;;
669297;18916;2748;-424;-11987;-158;806;14380;-372;32767;63;399;4;0;;;;;;;;
671323;18992;2184;-272;-12171;-183;906;14420;-428;32767;62;378;33;0;;;;;;;;
673348;18876;2180;-468;-11970;-176;842;14296;-436;32767;62;390;29;0;;;;;;;;
675772;18880;2128;-412;-12036;-165;901;14340;-444;32767;59;419;20;0;;;;;;;;
677797;18900;2384;-284;-12160;-147;913;14324;-420;32767;52;408;18;0;;;;;;;;
679822;18896;2476;-372;-12018;-167;1012;14336;-344;32767;33;404;45;0;;;;;;;;
682094;18880;2188;-356;-12122;-145;918;14356;-452;32767;52;387;32;0;;;;;;;;
684122;18880;2416;-464;-12005;-175;991;14324;-388;32767;61;393;40;0;;;;;;;;
686147;18876;2200;-300;-12109;-186;970;14356;-436;32767;73;391;32;0;;;;;;;;
688503;18900;2268;-304;-12073;-148;905;14396;-400;32767;44;392;22;0;;;;;;;;
690528;18784;2076;-268;-12035;-187;949;14332;-360;32767;64;403;50;0;;;;;;;;
692553;18884;2176;-308;-12080;-176;867;14292;-400;32767;56;388;7;0;;;;;;;;
694999;18820;2084;-284;-12034;-152;900;14332;-356;32767;55;395;18;0;;;;;;;;
697029;18752;2100;-280;-12039;-194;919;14332;-412;32767;49;404;43;0;;;;;;;;
699054;18792;2240;-476;-12030;-164;868;14360;-396;32767;41;377;21;0;;;;;;;;
701480;18816;2288;-440;-12053;-155;876;14404;-380;32767;49;389;36;0;;;;;;;;
703505;18860;2412;-460;-12115;-130;976;14384;-320;32767;58;405;22;0;;;;;;;;
705530;18900;2032;-240;-11976;-178;849;14344;-376;32767;48;403;18;0;;;;;;;;
708176;18864;2272;-284;-12000;-172;831;14332;-392;32767;55;372;38;0;;;;;;;;
710201;18800;2120;-284;-12103;-175;941;14276;-396;32767;57;375;13;0;;;;;;;;
712229;19036;2124;-92;-13542;-248;936;14364;-384;32767;-5216;55;1234;0;;;;;;;;
714772;18920;2336;-304;-12174;-175;932;14380;-332;32767;34;408;16;0;;;;;;;;
716797;18964;2240;-404;-12137;-201;889;14376;-372;32767;39;388;30;0;;;;;;;;
718822;18868;2292;-376;-12198;-167;929;14356;-452;32767;55;407;25;0;;;;;;;;
721007;18792;2272;-332;-12012;-159;951;14420;-388;32767;45;363;41;0;;;;;;;;
723032;18888;2172;-392;-12011;-196;847;14356;-412;32767;49;409;30;0;;;;;;;;
725057;18836;2304;-532;-12011;-167;871;14336;-396;32767;46;378;4;0;;;;;;;;
727924;18940;2460;-216;-12092;-177;862;14372;-408;32767;57;386;11;0;;;;;;;;
729949;18944;2084;-244;-12076;-178;970;14352;-412;32767;39;414;39;0;;;;;;;;
731974;18956;1816;-320;-12071;-165;834;14348;-392;32767;65;389;41;0;;;;;;;;
734276;18948;2292;-316;-12116;-176;885;14340;-392;32767;46;390;35;0;;;;;;;;
736301;18852;2312;-376;-12229;-156;831;14324;-364;32767;71;397;37;0;;;;;;;;
738326;18916;2292;-276;-12017;-174;909;14336;-436;32767;45;398;18;0;;;;;;;;
740704;18884;2260;-276;-12192;-187;923;14356;-444;32767;60;392;11;0;;;;;;;;
742729;18932;2028;48;-11443;-207;873;14428;-672;32767;2420;505;-575;0;;;;;;;;
744754;20016;1684;-540;-8864;2117;887;13208;-1136;32767;12035;3601;-2403;0;;;;;;;;
747222;18172;4928;-1480;-13583;5049;863;13020;2356;32767;-5939;5583;-1304;0;;;;;;;;
749247;18200;3456;4276;-12262;2093;825;14404;732;32767;-672;2663;-36;0;;;;;;;;
751272;18888;2608;2780;-11878;-934;1084;14976;244;32767;600;-334;539;0;;;;;;;;
753968;13352;428;2028;-13225;4506;993;8592;-2400;32767;-3897;5085;2696;0;;;;;;;;
755998;22624;2388;724;-11573;510;819;18244;116;32767;1550;1158;-1569;0;;;;;;;;
758023;15440;-564;1896;-13268;493;884;11240;-3416;32767;-3994;928;1873;0;;;;;;;;
760187;18596;3200;-3648;-12472;4317;899;13864;340;32767;-1761;4980;-617;0;;;;;;;;
762212;15568;1660;2760;-12332;-1818;823;12184;-912;32767;-906;-1163;-1214;0;;;;;;;;
764237;21316;1940;1328;-11177;-1031;797;17080;-268;32767;2640;-742;-3647;0;;;;;;;;
766574;16360;1920;1404;-11859;169;946;11916;-624;32767;935;658;339;0;;;;;;;;
768615;20432;2448;-2128;-11474;503;774;16156;8;32767;1686;1203;-2979;0;;;;;;;;
770640;22252;828;568;-11333;-3963;815;18056;-1584;32767;2762;-3441;-1374;0;;;;;;;;
772985;15560;2976;-448;-12206;-32;954;11092;116;32767;-331;825;2103;0;;;;;;;;
775010;17468;1548;820;-12774;1026;980;13248;-1240;32767;-1917;1827;1860;0;;;;;;;;
777035;19560;5832;1804;-13175;1890;599;15596;3212;32767;-5036;2035;-3834;0;;;;;;;;
779202;19656;1216;584;-14431;-2201;1058;15144;-1240;32767;-8708;-2170;3545;0;;;;;;;;
781243;22940;844;4004;-10988;-3712;846;19376;-1392;32767;4074;-3319;-1296;0;;;;;;;;
783270;24128;2768;-1580;-12239;6989;894;20012;548;32767;-1001;8220;-78;0;;;;;;;;
785709;14812;2184;216;-10492;4697;1022;10568;-660;32767;5954;5383;1461;0;;;;;;;;
787734;18116;476;1376;-11983;-1586;796;13780;-2096;32767;17;-768;-532;0;;;;;;;;
789759;18144;1940;1696;-14600;-2350;839;13808;-532;32767;-9733;-2137;299;0;48.845177;2.356792;87;5;19;5;219;
791945;20240;-464;1244;-12774;-2888;964;16328;-2928;32767;-2661;-2548;1327;0;48.845177;2.356792;87;5;19;5;219;
793986;19020;1816;1324;-12231;-1649;817;14636;-704;32767;-304;-1122;-34;0;48.845177;2.356792;87;5;19;5;219;
796024;18680;508;192;-12872;-751;931;14124;-1892;32767;-3691;-411;-302;0;48.845253;2.356894;73;1;19;5;219;
798307;19332;2924;-780;-12535;766;990;14692;216;32767;-2128;1222;692;0;48.845253;2.356894;73;1;19;5;219;
800340;19292;2564;140;-11812;-307;910;14960;-160;32767;1124;324;255;0;48.845253;2.356894;73;1;19;5;219;
802373;19312;1668;-52;-12060;24;872;14948;-864;32767;-314;595;220;0;48.845341;2.356851;56;2;264;5;219;
805027;18872;1712;1124;-11452;627;991;14896;-1020;32767;2720;1317;1210;0;48.845341;2.356851;56;2;264;5;219;
807061;18568;448;-508;-12488;472;895;14072;-2108;32767;-2096;960;779;0;48.845341;2.356851;56;2;264;5;219;
809094;19236;1688;-20;-11589;-69;761;14996;-1028;32767;1264;489;-495;0;48.845306;2.356882;54;0;0;5;219;
811328;21820;1100;1080;-11598;-2447;894;18240;-1104;32767;1541;-1909;335;2;48.845306;2.356882;54;0;0;5;219;
813365;19036;152;2572;-13983;-1020;847;15084;-2584;32767;-7536;-710;586;0;48.845306;2.356882;54;0;0;5;219;
815398;19308;1488;1276;-12591;-372;937;15124;-1060;32767;-2055;95;1142;2;48.845295;2.356873;64;3;222;6;173;
818024;18492;-348;780;-11710;-182;939;14060;-2972;32767;473;395;297;0;48.845295;2.356873;64;3;222;6;173;
820057;17808;272;1052;-11673;-745;864;13584;-2656;32767;1205;-162;30;0;48.845295;2.356873;64;3;222;6;173;
822090;18980;1780;1980;-11807;769;952;14892;-752;32767;619;1448;200;0;48.845291;2.356874;65;3;175;6;658;
824820;20220;3108;1212;-10131;-4215;846;16244;672;32767;6866;-3632;-3000;3;48.845291;2.356874;65;3;175;6;658;
826854;18436;2172;108;-11762;-1288;955;13908;-500;32767;1059;-702;1495;0;48.845291;2.356874;65;3;175;6;658;
828887;21000;-288;2736;-10323;2643;1085;16452;-2940;32767;6185;3731;2325;2;48.845276;2.357001;66;0;175;7;157;
832046;13924;3760;2952;-12126;1986;1039;9564;932;32767;-679;2615;2095;0;48.845276;2.357001;66;0;175;7;157;
834079;19200;1632;-2420;-10619;9666;994;14932;-884;32767;5410;10781;2155;0;48.845276;2.357001;66;0;175;7;157;
836116;19016;588;-660;-11082;-874;942;14244;-1732;32767;3084;-246;-8;14;48.845276;2.356999;66;6;299;7;157;
838316;14528;1848;-1472;-12961;1110;914;10140;-720;32767;-3794;2448;602;12;48.845276;2.356999;66;6;299;7;157;
840349;12016;1612;-1176;-12039;5745;679;8144;-1160;32767;-1179;6823;-3624;2;48.845276;2.356999;66;6;299;7;157;
842382;16288;1436;2816;-12294;1225;1072;12072;-1068;32767;-901;2178;4343;1;48.845287;2.357065;70;6;102;7;157;
844623;16592;-1860;1840;-14329;1356;1028;12128;-4520;32767;-8793;1721;3646;9;48.845287;2.357065;70;6;102;7;157;
846656;15744;288;1340;-12647;3167;731;12040;-2404;32767;-2927;3929;-1836;11;48.845287;2.357065;70;6;102;7;157;
848689;18828;2544;1848;-11171;5263;460;15184;-20;32767;1291;5728;-5629;14;48.845276;2.357095;25;0;102;7;158;
851038;20816;244;3240;-11614;-3920;444;16276;-2096;32767;537;-3659;-5117;7;48.845276;2.357095;25;0;102;7;158;
853071;22140;3292;1028;-8798;20902;1026;19924;868;32767;11460;21502;841;10;48.845276;2.357095;25;0;102;7;158;
855107;15316;1768;1660;-9360;847;813;10580;-1092;32767;9061;1451;-3899;11;48.845337;2.357058;67;4;7;7;198;
857822;16588;352;876;-11764;-5970;936;11936;-2396;32767;1031;-5162;482;4;48.845337;2.357058;67;4;7;7;198;
859855;20180;1024;-964;-13108;1730;872;15628;-1824;32767;-4358;1569;1813;17;48.845337;2.357058;67;4;7;7;198;
861889;20972;4204;1948;-12399;-7248;973;16228;1000;32767;-1391;-8894;717;43;48.845341;2.357066;61;2;7;7;158;
864049;19624;4932;644;-11151;9907;616;15952;2288;32767;2302;10461;-3108;35;48.845341;2.357066;61;2;7;7;158;
866099;16128;2324;-988;-13124;1590;949;11680;-180;32767;-4286;2744;2547;59;48.845341;2.357066;61;2;7;7;158;
868134;27996;3424;10036;-12105;444;1156;26312;1700;32767;-20;587;4457;0;48.845356;2.357188;62;8;95;7;158;
870588;25444;676;968;-12864;-3636;1042;21208;-1440;32767;-3277;-4137;4099;4;48.845356;2.357188;62;8;95;7;158;
872622;23844;1408;-824;-12059;-265;714;20108;-904;32767;-1199;211;-2233;15;48.845356;2.357188;62;8;95;7;158;
874658;24232;3420;-3144;-11990;2556;1222;18968;1184;32767;315;3068;6278;25;;;;;;;;
877194;21316;-632;-1592;-11986;-982;662;16648;-3100;32767;-12;-914;-2267;0;;;;;;;;
879217;15492;-804;2364;-13868;467;653;11092;-3392;32767;-8348;550;-2581;1;;;;;;;;
881239;19776;64;-2188;-14685;-528;740;15376;-2612;32767;-10795;-324;1235;15;48.845421;2.357386;66;7;76;5;211;
883541;19316;728;1536;-12092;-1385;840;15164;-1724;32767;-1165;-880;-92;12;48.845421;2.357386;66;7;76;5;211;
885587;18976;-280;936;-12446;-1576;618;14972;-2940;32767;-2415;-1214;-1364;14;48.845421;2.357386;66;7;76;5;211;
887625;21984;1448;1388;-10966;-6011;1200;17108;-964;32767;4608;-5338;3654;5;48.845596;2.357581;82;4;338;5;650;
890675;19096;-992;-988;-8887;-6252;1011;13976;-3512;32767;11427;-4600;-496;23;48.845596;2.357581;82;4;338;5;650;
892709;19016;-200;-492;-9404;3822;766;14048;-3060;32767;8791;4611;-2670;0;48.845596;2.357581;82;4;338;5;650;
894742;21648;-2956;1100;-11797;349;797;17332;-5320;32767;-137;1223;-143;22;48.845596;2.357578;82;3;344;5;650;
896920;15660;820;-3544;-11775;-183;909;10660;-2276;32767;151;1055;-1127;2;48.845596;2.357578;82;3;344;5;650;
898953;15988;-288;-1184;-10905;3522;669;10576;-3128;32767;3432;4089;-1424;33;48.845596;2.357578;82;3;344;5;650;
900987;17768;2108;-1180;-14103;-4578;945;13732;-660;32767;-7713;-3425;3152;21;48.845612;2.357398;78;2;343;7;160;
903215;18816;-2060;-532;-13070;8044;940;14132;-4528;32767;-4910;8633;2135;16;48.845612;2.357398;78;2;343;7;160;
905249;19884;-1420;848;-12269;-5850;869;15068;-4260;32767;-1540;-5522;-1022;16;48.845612;2.357398;78;2;343;7;160;
907287;20400;860;2776;-11707;-3996;750;17176;-1704;32767;79;-3368;-1583;0;48.845657;2.357506;79;7;43;7;160;
909517;21928;-556;568;-10956;1768;843;18028;-2908;32767;2606;2246;-1774;10;48.845657;2.357506;79;7;43;7;160;
911551;21224;384;-772;-11343;-760;1040;16404;-2208;32767;2425;-76;1339;9;48.845657;2.357506;79;7;43;7;160;
913585;19592;-2524;3688;-12953;-8027;709;16464;-4636;32767;-4486;-7834;-884;2;48.845703;2.357605;93;3;76;7;161;
916733;22452;920;-4132;-12061;-372;513;17936;-1092;32767;-1731;521;-4083;21;48.845703;2.357605;93;3;76;7;161;
918767;18468;-328;-284;-12762;-8247;900;14324;-2908;32767;-3345;-8220;-233;7;48.845703;2.357605;93;3;76;7;161;
920800;15420;-1616;-764;-12055;-7064;1055;10364;-4416;32767;404;-6543;2531;14;48.845772;2.357712;95;5;32;7;161;
923435;21016;652;-2984;-11803;-2569;778;15864;-1948;32767;-211;-2075;-1161;22;48.845772;2.357712;95;5;32;7;161;
925468;21740;1344;-472;-12812;-3171;1293;17644;-1084;32767;-1982;-2702;6304;0;48.845772;2.357712;95;5;32;7;161;
927506;16748;852;-60;-13303;-5364;1084;12352;-1900;32767;-4597;-4877;2359;0;48.845814;2.357763;96;4;19;7;161;
929815;21800;-1480;-1556;-11754;-4179;848;17248;-4032;32767;948;-3881;-1269;0;48.845814;2.357763;96;4;19;7;161;
931849;20228;-3560;2724;-10301;1207;945;15592;-6164;32767;5779;1658;-11;16;48.845814;2.357763;96;4;19;7;161;
933882;21432;508;204;-11205;665;833;17184;-1900;32767;2390;1427;-1564;14;48.845814;2.357766;96;3;353;7;161;
936057;21528;-76;-404;-10706;3462;813;17492;-2524;32767;4170;4070;-736;21;48.845814;2.357766;96;3;353;7;161;
938093;21392;2144;-1568;-11979;2187;603;17668;-528;32767;-995;2744;-3712;24;48.845814;2.357766;96;3;353;7;161;
940126;19404;1096;1120;-11470;3221;660;15344;-1636;32767;439;3564;-2806;25;48.845860;2.357786;96;3;13;7;161;
942516;16712;-384;1576;-11806;-1804;907;12840;-3104;32767;76;-1151;129;18;48.845860;2.357786;96;3;13;7;161;
944550;17968;476;-816;-11637;3716;774;13592;-2252;32767;442;4382;-1339;13;48.845860;2.357786;96;3;13;7;161;
946599;21464;528;-1332;-11754;-9284;889;16936;-2228;32767;600;-8918;-75;16;48.845898;2.357898;110;5;44;8;169;
948934;16940;-1496;2420;-11574;825;745;12840;-4124;32767;432;1307;-1502;42;48.845898;2.357898;110;5;44;8;169;
950967;17808;-1548;-1276;-12107;163;870;13204;-4416;32767;-1421;800;-172;24;48.845898;2.357898;110;5;44;8;169;
953001;18660;1328;2508;-12701;-115;756;14840;-1084;32767;-3110;73;-360;29;48.845898;2.357898;110;3;126;8;158;
955337;19228;-1136;1144;-10958;440;772;15236;-3612;32767;3035;994;-1358;28;48.845898;2.357898;110;3;126;8;158;
957373;16444;-396;112;-10694;-1942;882;11900;-3376;32767;3846;-916;-913;17;48.845898;2.357898;110;3;126;8;158;
959406;16052;-1856;904;-13929;-3120;798;11140;-4564;32767;-8279;-2638;257;25;48.845921;2.357980;114;0;7;8;195;
962236;18464;72;-424;-11801;370;914;13956;-2692;32767;510;899;288;24;48.845921;2.357980;114;0;7;8;195;
964269;18716;260;-204;-11746;-246;829;14356;-2536;32767;9;255;-623;15;48.845921;2.357980;114;0;7;8;195;
966302;18704;200;-204;-11956;-233;831;14068;-2388;32767;-535;270;-2;29;48.845909;2.357956;110;0;332;8;163;
968734;18368;-328;804;-11677;-576;921;14032;-2812;32767;584;-98;-53;22;48.845909;2.357956;110;0;332;8;163;
970767;19408;752;840;-11949;460;702;15600;-2072;32767;-551;941;-833;0;48.845909;2.357956;110;0;332;8;163;
972800;19196;588;576;-11687;-574;854;14956;-1932;32767;429;-189;200;22;48.845909;2.357955;108;0;332;8;204;
975330;19188;668;936;-11849;-247;827;15172;-1972;32767;-40;265;-281;27;48.845909;2.357955;108;0;332;8;204;
977366;19268;1132;176;-11757;692;931;14972;-1588;32767;36;1196;373;39;48.845909;2.357955;108;0;332;8;204;
979399;18256;260;1036;-11859;144;838;14004;-2360;32767;-298;670;-167;12;48.845886;2.357902;82;0;332;9;166;
981835;19480;1080;388;-11926;16;827;15240;-1440;32767;-317;464;179;23;48.845886;2.357902;82;0;332;9;166;
983868;18456;148;968;-11841;-275;757;14384;-2432;32767;-394;255;-835;31;48.845886;2.357902;82;0;332;9;166;
985901;19000;808;1288;-11711;545;964;15000;-1828;32767;327;983;567;26;48.845886;2.357901;82;0;332;9;166;
988247;18832;508;1196;-11829;-408;760;14616;-2344;32767;62;103;-292;19;48.845886;2.357901;82;0;332;9;166;
990280;18660;-36;2112;-11772;-114;1009;14688;-2712;32767;593;423;1765;34;48.845886;2.357901;82;0;332;9;166;
992313;18548;432;776;-11616;-2;873;14284;-2204;32767;547;516;-102;27;48.845871;2.357836;55;0;332;12;92;
994753;18884;308;1904;-11972;-357;756;14688;-2128;32767;-488;162;-227;14;48.845871;2.357836;55;0;332;12;92;
996786;18400;408;1144;-11737;-695;851;14192;-2380;32767;625;-175;-309;32;48.845871;2.357836;55;0;332;12;92;
998823;18704;792;1508;-11777;-97;867;14580;-1660;32767;443;427;494;114;48.845871;2.357834;52;0;332;12;89;
1001063;19852;-432;3648;-11554;-3008;974;16412;-3088;32767;1270;-2710;546;39;48.845871;2.357834;52;0;332;12;89;
1003109;19304;36;-868;-11835;-3461;553;14852;-2444;32767;-200;-2615;-2796;27;48.845871;2.357834;52;0;332;12;89;
1005143;20732;44;1080;-11775;-790;992;16840;-2688;32767;412;-364;1518;0;48.845871;2.357834;52;0;332;12;89;
1007549;18840;-244;784;-11913;-1093;903;14752;-2884;32767;20;-598;386;28;48.845871;2.357834;52;0;332;12;89;
1009589;18292;-740;860;-11644;-261;822;13996;-3236;32767;252;219;-308;23;48.845871;2.357834;52;0;332;12;89;
1011622;18156;-940;1452;-11766;466;805;13952;-3524;32767;498;889;-194;2;48.845871;2.357834;51;0;100;12;89;
1013954;18884;-304;1228;-11839;-60;803;14764;-2984;32767;58;471;-292;24;48.845871;2.357834;51;0;100;12;89;
1015987;18644;-472;896;-12028;-309;881;14260;-3072;32767;-194;158;120;0;48.845871;2.357834;51;0;100;12;89;
1018023;18632;-436;452;-11819;-150;907;14388;-2892;32767;26;399;29;0;48.845867;2.357836;49;0;100;12;89;
1020953;18680;40;684;-11812;-366;818;14356;-2808;32767;-103;87;-43;21;48.845867;2.357836;49;0;100;12;89;
1022986;18692;-160;416;-11868;16;978;14380;-2564;32767;75;517;409;0;48.845867;2.357836;49;0;100;12;89;
1025023;18920;-828;1156;-12075;-389;893;14716;-3476;32767;-301;50;617;0;48.845863;2.357842;49;0;100;12;88;
1027667;18860;460;1328;-11590;4032;974;15236;-2348;32767;972;4647;1920;0;48.845863;2.357842;49;0;100;12;88;
1029721;20488;-5040;3824;-11730;-7154;666;16856;-7868;32767;-365;-7078;-1791;0;48.845863;2.357842;49;0;100;12;88;
1031760;18652;-2424;800;-11668;2740;719;14448;-5308;32767;229;3332;-1214;0;48.845882;2.357911;49;4;49;12;88;
1034460;14564;384;732;-12600;1289;1157;9680;-2660;32767;-2731;1714;4429;0;48.845882;2.357911;49;4;49;12;88;
1036497;20416;2484;-1204;-11829;-1117;845;15760;20;32767;650;-427;911;0;48.845882;2.357911;49;4;49;12;88;
1038534;22020;1280;-3460;-13375;-1267;827;17284;-1320;32767;-5692;-558;322;0;48.845924;2.358016;49;3;64;12;102;
1041773;14980;1020;-2120;-11827;4195;1155;10116;-1844;32767;660;4971;3508;0;48.845924;2.358016;49;3;64;12;102;
1043810;16276;464;-1220;-12197;-2470;903;11704;-2260;32767;-846;-1904;189;0;48.845924;2.358016;49;3;64;12;102;
1045847;17760;-1560;192;-11554;-3380;926;13156;-4392;32767;1026;-2768;721;0;48.845928;2.358027;49;4;75;12;102;
1048090;18864;-2768;-3820;-11898;-3151;564;13500;-5244;32767;-712;-2157;-3987;0;48.845928;2.358027;49;4;75;12;102;
1050131;17964;-20;-3928;-11186;3730;426;12884;-2432;32767;1466;4562;-5851;0;48.845928;2.358027;49;4;75;12;102;
1052168;19712;-1148;1668;-11863;5520;505;16100;-3824;32767;-1238;5592;-4686;0;48.845970;2.358115;47;6;75;12;121;
1054553;19304;1892;-6080;-10355;84;613;13172;-932;32767;5268;1032;-4493;0;48.845970;2.358115;47;6;75;12;121;
1056590;23968;-692;2424;-11290;-1087;502;21068;-2840;32767;1000;-615;-3773;0;48.845970;2.358115;47;6;75;12;121;
1058627;20268;3288;-396;-11101;-582;1052;16276;644;32767;3269;-169;2279;0;48.846085;2.358277;43;4;42;12;128;
1061268;16168;-648;-524;-11861;431;796;11800;-3288;32767;-110;1126;-1199;0;48.846085;2.358277;43;4;42;12;128;
1063305;18524;-1680;52;-12209;3395;894;14392;-4264;32767;-2187;4109;844;0;48.846085;2.358277;43;4;42;12;128;
1065342;20676;-1348;-300;-12133;-3564;970;15772;-3948;32767;-1050;-3156;727;0;48.846088;2.358278;43;4;37;12;274;
1067769;21620;-2848;800;-10702;1395;834;17688;-5144;32767;4288;2049;-636;0;48.846088;2.358278;43;4;37;12;274;
1069811;19612;-3012;-460;-12182;-1307;656;15404;-5604;32767;-2291;-944;-2570;0;48.846088;2.358278;43;4;37;12;274;
1071848;19092;-920;-776;-11465;1051;787;14644;-3472;32767;977;1301;-1110;0;48.846203;2.358443;37;3;57;12;238;
1074649;21424;-540;12;-11602;667;768;16960;-3260;32767;518;1063;-1461;0;48.846203;2.358443;37;3;57;12;238;
1076686;21480;480;2484;-11722;-1414;643;17848;-2280;32767;158;-1006;-2067;0;48.846203;2.358443;37;3;57;12;238;
1078723;21292;312;3204;-11121;383;990;18004;-2112;32767;2592;765;577;0;48.846275;2.358504;38;4;27;12;155;
1081666;18272;-1276;5252;-10951;-5090;749;14304;-3928;32767;3441;-4562;-1819;0;48.846275;2.358504;38;4;27;12;155;
1083703;20644;-4144;512;-11439;-2353;980;15844;-6784;32767;1810;-1500;2051;0;48.846275;2.358504;38;4;27;12;155;
1085740;23712;-2688;1896;-11128;-3507;917;19864;-4956;32767;2747;-3018;1992;0;48.846329;2.358580;41;3;35;12;98;
1087972;19088;-1500;-632;-11861;18;513;14572;-3692;32767;-633;826;-3786;0;48.846329;2.358580;41;3;35;12;98;
1090009;20348;628;360;-11639;7916;812;16696;-2084;32767;16;8423;-494;0;48.846329;2.358580;41;3;35;12;98;
1092050;23684;-532;488;-12246;-5631;1071;19116;-2932;32767;-1328;-5283;2788;0;48.846405;2.358466;40;5;310;12;122;
1094760;17860;2076;-376;-11469;492;861;13960;-908;32767;1545;725;31;0;48.846405;2.358466;40;5;310;12;122;
1096797;13780;-944;2752;-11560;-580;681;9708;-3616;32767;909;429;-1607;0;48.846405;2.358466;40;5;310;12;122;
1098834;18120;548;-696;-11871;4916;578;14268;-1852;32767;-1188;6075;-2859;0;48.846462;2.358344;36;4;313;12;127;
1101962;19864;-1364;-1420;-11496;-4515;895;14320;-3920;32767;1082;-3860;84;0;48.846462;2.358344;36;4;313;12;127;
1103999;21404;1304;1732;-12836;463;898;17612;-1148;32767;-3535;75;1601;0;48.846462;2.358344;36;4;313;12;127;
1106036;23388;-812;2552;-12013;-3500;840;20140;-3452;32767;-443;-3552;237;0;48.846523;2.358268;36;3;304;12;130;
1108560;23368;-424;1312;-11347;-3185;684;19320;-2840;32767;1266;-2438;-2139;0;48.846523;2.358268;36;3;304;12;130;
1110597;20732;3936;-84;-11692;8474;567;17188;1328;32767;55;8823;-3964;0;48.846523;2.358268;36;3;304;12;130;
1112650;22148;1180;236;-10914;442;685;18364;-1580;32767;3158;854;-2255;0;48.846523;2.358265;36;5;308;12;127;
1114866;18800;-2868;632;-12177;-6299;955;13472;-5272;32767;-886;-5426;1230;0;48.846523;2.358265;36;5;308;12;127;
1116903;19056;-360;-736;-11760;-493;839;14488;-3220;32767;-242;-179;-731;0;48.846523;2.358265;36;5;308;12;127;
1118940;19080;-764;2396;-11564;-4771;740;15060;-3484;32767;235;-4593;-1833;0;48.846626;2.358095;35;4;301;12;110;
1122084;15756;796;2824;-9979;674;768;11588;-2332;32767;6495;1177;-2262;0;48.846626;2.358095;35;4;301;12;110;
1124134;17476;2676;-1348;-11325;1846;716;12956;-272;32767;1666;2404;-1628;0;48.846626;2.358095;35;4;301;12;110;
1126171;15800;1644;-1288;-11074;1698;695;11444;-1092;32767;2406;2610;-2136;0;48.846676;2.358004;34;5;305;12;120;
1128457;21800;2204;-1028;-12411;1950;991;17724;-552;32767;-1745;2211;2429;0;48.846676;2.358004;34;5;305;12;120;
1130494;21492;2364;-1732;-12522;4257;366;17036;-148;32767;-3545;4606;-5671;0;48.846676;2.358004;34;5;305;12;120;
1132535;18032;608;592;-12000;367;807;13548;-2040;32767;-314;906;-136;0;48.846733;2.357959;33;2;0;12;115;
1134960;21220;2000;600;-11461;181;893;16744;-488;32767;1674;517;356;0;48.846733;2.357959;33;2;0;12;115;
1137001;21368;692;692;-12163;645;746;17080;-1936;32767;-1478;1153;-490;0;48.846733;2.357959;33;2;0;12;115;
1139038;22312;-512;-1364;-12889;-2306;809;17952;-2820;32767;-4109;-1863;1623;0;48.846767;2.358001;33;1;46;12;113;
1141566;20108;-872;1156;-11088;1095;789;15892;-3232;32767;2400;1426;-1271;0;48.846767;2.358001;33;1;46;12;113;
1143605;22336;-772;-1072;-12283;-702;712;17644;-3144;32767;-1750;-600;-1130;0;48.846767;2.358001;33;1;46;12;113;
1145642;21020;-844;-4920;-12557;3112;692;16200;-3264;32767;-2862;3960;-1391;0;48.846767;2.358001;33;2;127;12;115;
1148062;21532;1908;-2048;-12288;499;865;16488;-892;32767;-1524;755;1137;0;48.846767;2.358001;33;2;127;12;115;
1150099;22024;440;-828;-11539;2477;801;17708;-1868;32767;790;2873;121;0;48.846767;2.358001;33;2;127;12;115;
1152141;19460;1088;-920;-12116;-1022;1083;14696;-1624;32767;-959;-954;2251;0;48.846893;2.358169;39;4;36;12;110;
1154564;23064;844;-752;-11808;2391;975;19076;-1592;32767;160;2584;2015;0;48.846893;2.358169;39;4;36;12;110;
1156601;23104;1908;-772;-11544;2466;1090;18608;-408;32767;1839;2942;3009;0;48.846893;2.358169;39;4;36;12;110;
1158638;19412;-692;2852;-11250;2465;781;15348;-3096;32767;1864;2970;-344;0;48.846966;2.358275;41;4;49;12;97;
1162117;21332;4336;-4968;-12335;10667;523;16932;1704;32767;-2252;11330;-2434;0;48.846966;2.358275;41;4;49;12;97;
1164157;15964;2552;-124;-10542;11371;651;11548;-256;32767;3462;11712;-3855;0;48.846966;2.358275;41;4;49;12;97;
1166194;14208;-256;324;-10535;4810;1139;9092;-3060;32767;4876;5484;1361;0;48.847023;2.358372;42;4;73;12;78;
1169077;17580;1008;-908;-11367;5276;591;13216;-1900;32767;912;5754;-3875;0;48.847023;2.358372;42;4;73;12;78;
1171114;18680;1672;984;-11248;3301;627;14684;-948;32767;1718;3799;-2761;0;48.847023;2.358372;42;4;73;12;78;
1173155;20660;1404;-1188;-11056;5162;635;16576;-1076;32767;1684;5563;-3721;0;48.847042;2.358490;43;5;114;12;71;
1175785;17344;4136;-2084;-12215;7360;1143;12960;1380;32767;-629;7645;2980;0;48.847042;2.358490;43;5;114;12;71;
1177822;16220;1312;2784;-12829;2825;981;12552;-1148;32767;-4064;3112;2944;0;48.847042;2.358490;43;5;114;12;71;
1179859;19492;276;-1856;-12371;3445;447;14420;-2656;32767;-3127;4157;-4228;0;48.847031;2.358631;45;5;110;12;81;
1183082;16616;948;36;-12493;-504;821;12488;-1684;32767;-2660;-3;489;0;48.847031;2.358631;45;5;110;12;81;
1185122;16848;1064;-428;-11054;1257;682;12532;-1364;32767;2493;1546;-1885;0;48.847031;2.358631;45;5;110;12;81;
1187159;21356;96;3304;-11291;1483;451;18208;-2472;32767;1358;1366;-4740;0;48.847004;2.358763;45;6;110;12;87;
1190078;23576;1080;-1696;-11156;-4137;1029;19352;-1636;32767;2956;-3101;2258;0;48.847004;2.358763;45;6;110;12;87;
1192115;24200;-1324;576;-12968;-8914;956;19560;-3808;32767;-3796;-9091;2605;0;48.847004;2.358763;45;6;110;12;87;
1194152;18376;1812;-3276;-11532;2091;737;13024;-644;32767;1195;2208;-1380;0;48.846985;2.358916;46;3;94;12;90;
1197421;22328;-864;-356;-11915;-2405;863;17976;-3076;32767;-213;-1689;284;0;48.846985;2.358916;46;3;94;12;90;
1199460;19276;332;-5584;-11927;215;558;13920;-2320;32767;-843;1184;-3251;0;48.846985;2.358916;46;3;94;12;90;
1201497;16472;-2808;-1744;-12083;-4113;545;11100;-5580;32767;-1558;-3786;-2956;0;48.846970;2.359067;46;5;89;12;96;
1205074;16604;2088;240;-13571;3864;767;12708;-720;32767;-6735;4672;1124;0;48.846970;2.359067;46;5;89;12;96;
1207114;13960;988;4588;-10768;1841;1253;10676;-1880;32767;4523;2535;3887;0;48.846970;2.359067;46;5;89;12;96;
1209151;16980;-832;2384;-12018;1719;650;12480;-3876;32767;-1372;2175;-2218;0;48.846958;2.359217;45;4;92;12;97;
1212987;19044;3192;-1020;-12541;3;865;14512;424;32767;-2095;152;2437;0;48.846958;2.359217;45;4;92;12;97;
1215024;18628;-1620;2736;-13824;-5720;821;14496;-4088;32767;-7346;-5283;671;0;48.846958;2.359217;45;4;92;12;97;
1217061;13744;2056;-308;-13068;38;772;8792;-880;32767;-5127;779;-302;0;48.846954;2.359328;43;5;118;12;93;
1220088;16572;1148;2376;-13901;1864;454;13240;-1332;32767;-8882;2109;-3357;0;48.846954;2.359328;43;5;118;12;93;
1222125;15416;1888;2028;-12019;802;925;10820;-808;32767;-352;1226;1204;0;48.846954;2.359328;43;5;118;12;93;
1224162;17860;-848;2100;-12660;2701;1049;13716;-3300;32767;-2521;3098;2588;0;48.846905;2.359377;44;4;125;12;93;
1226675;15388;196;-44;-12562;-6059;1257;9716;-2168;32767;-1878;-5502;5331;0;48.846905;2.359377;44;4;125;12;93;
1228715;14068;1564;2684;-10996;2511;819;10164;-1156;32767;2655;3093;-53;0;48.846905;2.359377;44;4;125;12;93;
1230752;19844;-1964;2700;-11784;2599;675;15484;-4684;32767;-925;2996;-2378;0;48.846836;2.359411;44;5;197;12;95;
1233972;17168;2664;136;-12635;-1751;668;12708;364;32767;-3173;-1290;-1136;0;48.846836;2.359411;44;5;197;12;95;
1236009;11116;-980;-612;-11986;-4344;649;5808;-3864;32767;-1208;-3440;-3662;0;48.846836;2.359411;44;5;197;12;95;
1238046;15880;-976;540;-11851;-11962;893;10940;-3600;32767;383;-11364;282;0;48.846764;2.359375;46;5;189;12;151;
1240912;17848;3508;-6436;-12408;5356;660;12824;572;32767;-2294;6585;-1465;0;48.846764;2.359375;46;5;189;12;151;
1242949;20648;-1564;188;-12926;-3792;672;16816;-3960;32767;-4841;-3639;-2103;0;48.846764;2.359375;46;5;189;12;151;
1244986;20744;-1420;3788;-11428;-4925;870;17204;-4284;32767;1872;-4947;-41;0;48.846680;2.359335;45;5;212;12;145;
1247672;16064;44;2956;-12195;-2893;908;12036;-2792;32767;-1564;-2198;797;0;48.846680;2.359335;45;5;212;12;145;
1249709;17300;132;1556;-11449;-5533;837;12348;-2604;32767;1133;-4869;-795;0;48.846680;2.359335;45;5;212;12;145;
1251764;19464;2112;-2260;-11492;2921;613;15032;-512;32767;310;4018;-3046;0;48.846622;2.359259;44;5;214;12;165;
1254070;17896;2804;1208;-13366;2426;825;14980;548;32767;-5313;3013;2037;0;48.846622;2.359259;44;5;214;12;165;
1256106;14448;1808;752;-9701;1827;1171;10064;-836;32767;8711;2761;2602;0;48.846622;2.359259;44;5;214;12;165;
1258143;20708;1080;628;-11573;-473;716;16580;-1320;32767;571;417;-1510;0;48.846535;2.359165;40;6;231;12;152;
1261674;23212;-1568;2644;-12644;-357;599;19168;-3924;32767;-4142;-161;-1883;0;48.846535;2.359165;40;6;231;12;152;
1263711;14732;-624;-1084;-10417;3069;917;9452;-3276;32767;5248;3722;-197;0;48.846535;2.359165;40;6;231;12;152;
1265748;19508;724;2988;-12353;-8152;1117;15632;-1908;32767;-1387;-7767;3711;0;48.846535;2.359163;40;4;232;12;152;
1267972;21360;3844;-1436;-12044;5726;659;16972;1364;32767;-895;6187;-1389;0;48.846535;2.359163;40;4;232;12;152;
1270009;21488;3196;-1308;-13541;220;526;16920;476;32767;-7490;499;-3150;0;48.846535;2.359163;40;4;232;12;152;
1272051;18548;2396;2704;-11667;-2655;966;14252;-212;32767;322;-2680;1392;0;48.846420;2.358984;42;4;235;12;153;
1274489;18432;-624;4788;-10932;1010;695;14668;-3208;32767;2673;1387;-3316;0;48.846420;2.358984;42;4;235;12;153;
1276526;23628;1924;1908;-11044;1222;468;19932;-300;32767;1790;1694;-4146;0;48.846420;2.358984;42;4;235;12;153;
1278563;21176;720;-1104;-12097;3740;864;17192;-1576;32767;-764;4712;495;0;48.846367;2.358901;42;4;222;12;150;
1281077;19684;1160;984;-13263;-6809;1357;14864;-1492;32767;-3728;-6650;6369;0;48.846367;2.358901;42;4;222;12;150;
1283116;14984;2224;888;-11850;-2248;1009;10668;-560;32767;291;-1544;2322;0;48.846367;2.358901;42;4;222;12;150;
1285153;13440;3120;116;-14474;1608;1032;8712;320;32767;-9488;1976;4471;0;48.846291;2.358767;43;4;242;12;165;
1289866;21152;1044;2708;-11609;-2593;955;17452;-1248;32767;1335;-2313;2226;0;48.846291;2.358767;43;4;242;12;165;
1291903;22860;1524;-356;-12274;3037;931;18404;-972;32767;-1590;3560;908;0;48.846291;2.358767;43;4;242;12;165;
1293945;23184;-320;664;-11974;1059;940;18996;-2540;32767;-735;1510;1757;0;48.846237;2.358680;41;5;215;12;166;
1296487;21356;-2952;8056;-10896;-4637;825;18020;-5696;32767;2976;-4645;-761;0;48.846237;2.358680;41;5;215;12;166;
1298524;19836;-1748;5180;-11078;-1018;1333;16024;-4452;32767;3877;-335;4959;0;48.846237;2.358680;41;5;215;12;166;
1300561;17260;40;2712;-10735;-385;471;13124;-2708;32767;3102;172;-4083;0;48.846184;2.358582;42;3;217;12;139;
1303678;13452;-4104;2556;-11342;-867;1377;8128;-6800;32767;3069;-158;4823;0;48.846184;2.358582;42;3;217;12;139;
1305715;12464;2508;-1612;-11669;8886;480;7800;-164;32767;-866;9860;-4671;0;48.846184;2.358582;42;3;217;12;139;
1307752;20228;-728;1816;-12150;-4304;620;16316;-3052;32767;-2224;-3699;-2274;0;48.846130;2.358476;43;4;210;12;98;
1310872;22016;3276;-6988;-13091;277;964;15800;380;32767;-4449;999;1691;0;48.846130;2.358476;43;4;210;12;98;
1312908;21984;1276;4812;-12569;-2774;796;18340;-1332;32767;-3278;-2760;-722;0;48.846130;2.358476;43;4;210;12;98;
1314949;20664;2012;-1696;-13097;-3105;800;15872;-348;32767;-4172;-2664;1071;0;48.846088;2.358378;41;5;251;12;97;
1317764;15444;2168;332;-10977;1426;758;11132;-564;32767;3075;2021;-1931;0;48.846088;2.358378;41;5;251;12;97;
1319800;12304;1392;3396;-11498;1042;896;8036;-1360;32767;1192;1727;6;0;48.846088;2.358378;41;5;251;12;97;
1321837;11452;2188;1296;-10644;2213;1140;6456;-672;32767;4831;3028;1866;0;48.846039;2.358289;40;3;264;12;105;
1324576;21392;488;392;-9946;3541;868;16768;-1968;32767;6922;4892;-1635;0;48.846039;2.358289;40;3;264;12;105;
1326612;22552;-148;-52;-12268;490;640;17816;-2492;32767;-1932;958;-1491;0;48.846039;2.358289;40;3;264;12;105;
1328649;21912;20;2544;-12087;1951;481;18200;-2308;32767;-1965;2309;-4029;0;48.845974;2.358217;43;8;182;12;123;
1331976;14340;52;4844;-12396;-4627;589;10056;-2672;32767;-3010;-4566;-2855;0;48.845974;2.358217;43;8;182;12;123;
1334013;13164;2300;1584;-10087;9552;630;9228;-572;32767;5369;9926;-3734;0;48.845974;2.358217;43;8;182;12;123;
1336054;21124;3424;-1916;-11753;3614;894;17028;824;32767;219;4200;679;0;48.845924;2.358129;43;2;178;12;102;
1338588;23224;1752;-1128;-12557;-1582;444;19244;-540;32767;-3210;-902;-3290;0;48.845924;2.358129;43;2;178;12;102;
1340625;18332;1636;2184;-11114;3631;832;14472;-1032;32767;2516;3986;-358;0;48.845924;2.358129;43;2;178;12;102;
1342662;14908;-572;2772;-12094;1059;798;10420;-3304;32767;-1124;1779;-1076;0;48.845924;2.358121;43;4;230;12;104;
1344987;18120;1604;-592;-10460;4304;533;13696;-1020;32767;3993;5055;-4544;0;48.845924;2.358121;43;4;230;12;104;
1347027;20472;260;-624;-12306;-15059;921;15256;-2188;32767;-725;-14763;2088;0;48.845924;2.358121;43;4;230;12;104;
1349064;16860;-528;1732;-11210;-5364;930;12140;-3432;32767;2827;-4881;1803;0;48.845879;2.357861;43;2;258;12;93;
1352071;15520;744;304;-10446;-862;1042;9908;-1936;32767;5249;191;822;0;48.845879;2.357861;43;2;258;12;93;
1354107;17024;2008;1332;-10519;-4014;971;12880;-636;32767;5382;-3357;1236;0;48.845879;2.357861;43;2;258;12;93;
1356149;14360;-208;4532;-11572;620;413;10316;-2896;32767;63;816;-4739;0;48.845867;2.357785;39;0;269;12;92;
1358881;18660;1416;-1208;-11450;-977;897;14096;-1336;32767;1273;-356;-618;0;48.845867;2.357785;39;0;269;12;92;
1360918;18500;244;2620;-11782;-5539;708;15016;-2252;32767;-639;-5035;-1830;0;48.845867;2.357785;39;0;269;12;92;
1362959;14428;2768;1884;-9599;5077;1113;10432;-68;32767;8312;5826;1467;0;48.845798;2.357692;38;4;223;12;94;
1368087;25244;3712;-1420;-10535;-3929;551;19892;1400;32767;3824;-3624;-3780;0;48.845798;2.357692;38;4;223;12;94;
1370140;21012;3472;1232;-7932;5545;51;17560;1132;32767;12632;5509;-11557;0;48.845798;2.357692;38;4;223;12;94;
1372178;16044;-4724;3112;-12247;-2625;1209;12872;-7656;32767;-367;-1307;5496;0;48.845715;2.357617;40;3;255;12;91;
1375103;17320;2784;-28;-12521;-783;794;12624;-180;32767;-2304;-410;1060;0;48.845715;2.357617;40;3;255;12;91;
1377140;20792;1232;864;-13494;3514;1017;17596;-984;32767;-6898;3613;2626;0;48.845715;2.357617;40;3;255;12;91;
1379195;18672;6316;-4816;-15122;8476;694;14008;3556;32767;-12621;8602;1485;0;48.845661;2.357539;40;2;226;12;98;
1382074;15732;2264;13568;-11412;11043;2012;13472;-20;32767;3420;11417;13331;0;48.845661;2.357539;40;2;226;12;98;
1384111;13176;9940;3404;-10017;2591;85;8548;7408;32767;4772;3100;-9292;0;48.845661;2.357539;40;2;226;12;98;
1386147;23824;-2728;4380;-11732;1423;-335;22920;-5048;32767;-2700;1095;-14105;0;48.845554;2.357354;41;3;236;12;109;
1396093;-8972;7020;2888;-11627;1689;729;-12608;3228;32767;980;2451;-757;0;48.845554;2.357354;41;3;236;12;109;
1398133;13956;8632;3488;-12411;-4319;1555;9344;5884;32767;-248;-3809;9180;0;48.845554;2.357354;41;3;236;12;109;
1400170;12580;4512;1044;-11363;6656;1024;7692;1424;32767;2107;7492;2035;0;48.845520;2.357284;40;3;268;12;205;
1403078;14532;2180;928;-13957;-5014;1317;9644;-864;32767;-7190;-4770;6559;0;48.845520;2.357284;40;3;268;12;205;
1405115;15984;1672;2988;-12324;4013;493;12544;-1068;32767;-2264;4056;-2877;0;48.845520;2.357284;40;3;268;12;205;
1407156;16940;-88;2692;-12683;3720;1133;13300;-3152;32767;-2498;4241;4171;0;48.845409;2.357231;41;2;207;12;160;
1412106;13824;308;4444;-13140;16725;568;10780;-2204;32767;-6304;16829;-1513;0;48.845409;2.357231;41;2;207;12;160;
1414143;15212;964;6164;-13164;1197;566;11500;-1928;32767;-5628;1515;-3205;0;48.845409;2.357231;41;2;207;12;160;
1416180;22784;-604;24;-13233;-3869;903;18816;-2772;32767;-5506;-3437;1549;0;48.845371;2.357133;40;4;170;12;133;
1418957;17892;4152;1836;-12092;-5104;607;13764;1904;32767;-1361;-4854;-2664;0;48.845371;2.357133;40;4;170;12;133;
1420997;18252;3104;-276;-10697;-1060;1267;13584;528;32767;5300;-355;5010;1;48.845371;2.357133;40;4;170;12;133;
1423034;15608;1212;5684;-9776;-5838;816;11648;-1424;32767;7520;-5229;-2088;0;;;;;;;;
1425059;16388;4292;1156;-11025;8202;504;11860;1136;32767;2533;8741;-3376;0;;;;;;;;
1427084;17692;1664;916;-11021;1598;1202;13080;-1096;32767;3380;2688;4799;0;;;;;;;;
1429109;16236;2812;-4124;-12197;-3560;699;10964;972;32767;-1202;-2496;-1909;0;;;;;;;;
1431139;17628;2632;-1124;-10559;6198;1054;12812;-112;32767;4377;6818;1088;0;;;;;;;;
1433164;20196;2212;68;-11354;-933;871;15488;-672;32767;1450;-566;-386;0;;;;;;;;
1435189;17600;5204;1812;-11055;-770;868;13296;2828;32767;3207;-266;657;0;;;;;;;;
1437214;16140;2756;-764;-11909;-5720;1320;11616;-68;32767;520;-5234;5784;0;;;;;;;;
1439239;13676;3116;-1180;-13340;3350;623;9708;740;32767;-6365;3771;-2025;0;;;;;;;;
1441264;20824;2484;-3348;-9552;-3169;682;15944;-316;32767;8535;-2688;-2157;0;;;;;;;;
1443721;19824;1004;1876;-10906;-12;899;15844;-1324;32767;3464;657;-261;0;;;;;;;;
1445749;21260;3100;-2544;-12145;625;666;16568;584;32767;-1323;859;-2369;0;;;;;;;;
1447774;17396;172;-1900;-10343;4510;887;13200;-2836;32767;5562;5238;-629;0;;;;;;;;
1450141;18760;504;-2984;-11676;550;851;14816;-1988;32767;362;716;-520;0;;;;;;;;
1452166;18704;1584;-2724;-11689;-4987;1195;13024;-1260;32767;1664;-4498;3645;0;;;;;;;;
1454190;23372;208;-2472;-9861;10008;1064;18120;-2360;32767;7261;10938;1026;0;;;;;;;;
1456525;20276;4176;-5128;-10382;-184;952;15712;1484;32767;5817;926;325;0;;;;;;;;
1458555;17948;2272;-4940;-13141;5090;1069;12908;-432;32767;-5095;5947;3380;0;;;;;;;;
1460580;15972;808;228;-13036;4259;874;11172;-1844;32767;-4816;4283;515;0;;;;;;;;
1462828;21332;1604;-456;-10801;-1618;1145;16608;-1320;32767;5226;-786;4860;0;;;;;;;;
1464853;20172;4320;-24;-12050;-159;618;15892;1756;32767;-1165;396;-2681;0;;;;;;;;
1466878;21384;4892;-2668;-12383;-4886;710;17424;2376;32767;-2182;-4396;-1271;0;;;;;;;;
1469227;16440;2848;1436;-10765;-966;690;12244;208;32767;3367;-469;-3807;0;;;;;;;;
1471267;22488;2088;-10708;-7958;-8617;592;16916;-444;32767;14747;-7131;-5158;0;;;;;;;;
1473294;14364;656;-2232;-11353;-1672;989;9932;-2308;32767;2783;-1041;1369;0;;;;;;;;
1475725;18800;3360;-5592;-13271;965;1025;13740;724;32767;-4686;1457;1419;0;;;;;;;;
1477750;17680;1660;-3312;-11474;3887;907;13260;-956;32767;1742;4591;557;0;;;;;;;;
1479775;20956;5332;-2880;-12688;-2404;873;16372;2840;32767;-2953;-2140;-150;0;;;;;;;;
1482023;20152;2312;-1396;-12508;91;923;15180;-236;32767;-2704;546;601;0;;;;;;;;
1484053;21616;2192;-1420;-11606;-307;1007;17220;-556;32767;1644;429;2162;0;;;;;;;;
1486078;23820;860;-5136;-11197;-2256;1068;19264;-1608;32767;3561;-1577;2865;0;;;;;;;;
1488231;24280;4320;-2972;-13517;-874;1068;19780;2104;32767;-5015;-382;4583;0;;;;;;;;
1490256;19536;3288;1744;-12404;2918;848;15180;796;32767;-2334;3178;110;0;;;;;;;;
1492281;22620;3532;-220;-12420;1374;884;18348;996;32767;-1810;1728;1424;0;;;;;;;;
1494631;18368;5288;-1804;-13714;3083;1327;14092;2452;32767;-6313;3527;6624;0;;;;;;;;
1496659;20352;764;-2040;-13259;1504;1135;15944;-2148;32767;-4664;1996;3605;0;;;;;;;;
1498684;14992;52;-400;-11263;-831;632;10612;-2796;32767;2114;-397;-3768;0;;;;;;;;
1501224;19604;3832;-2992;-11785;-1082;855;15288;1228;32767;924;-255;-724;0;;;;;;;;
1503251;18280;2996;-3408;-9285;-1042;802;13576;600;32767;10250;-65;-3032;0;;;;;;;;
