Timer,Accel1X,Accel1Y,Accel1Z,Gyro1X,Gyro1Y,Gyro1Z,Accel2X,Accel2Y,Accel2Z,Gyro2X,Gyro2Y,Gyro2Z,Flexion,Latitude,Longitude,Altitude,Vitesse,Orientation,Satellites,HDOP
515,22684,0,0,-12138,0,0,24424,0,0,609,0,0,1737,,,,,,,
2538,22212,0,0,-12020,0,0,24340,0,0,616,0,0,0,,,,,,,
4556,22652,0,0,-12120,0,0,24324,0,0,613,0,0,0,,,,,,,
6715,22628,0,0,-12058,0,0,24388,0,0,606,0,0,308,,,,,,,
8733,22680,0,0,-12074,0,0,24340,0,0,611,0,0,1401,,,,,,,
10751,22548,0,0,-12115,0,0,24328,0,0,606,0,0,2129,,,,,,,
12942,22712,0,0,-12151,0,0,24368,0,0,603,0,0,303,,,,,,,
14965,22820,0,0,-12053,0,0,24432,0,0,603,0,0,2512,,,,,,,
16983,22632,0,0,-12006,0,0,24436,0,0,586,0,0,2455,,,,,,,
19302,22628,0,0,-12098,0,0,24392,0,0,618,0,0,2519,,,,,,,
21321,22608,0,0,-12032,0,0,24320,0,0,604,0,0,2315,,,,,,,
23339,22668,0,0,-12053,0,0,24380,0,0,590,0,0,1213,,,,,,,
25470,22664,0,0,-12164,0,0,24444,0,0,596,0,0,0,,,,,,,
27488,22648,0,0,-12097,0,0,24368,0,0,606,0,0,0,,,,,,,
29506,22564,0,0,-12078,0,0,24424,0,0,587,0,0,0,,,,,,,
31635,22688,0,0,-12103,0,0,24356,0,0,598,0,0,496,,,,,,,
33656,22700,0,0,-12003,0,0,24432,0,0,595,0,0,1392,,,,,,,
35674,22656,0,0,-12077,0,0,24476,0,0,591,0,0,409,,,,,,,
37964,22760,0,0,-12027,0,0,24384,0,0,604,0,0,0,,,,,,,
39982,22628,0,0,-12114,0,0,24368,0,0,607,0,0,1333,,,,,,,
42000,22520,0,0,-12025,0,0,24328,0,0,598,0,0,2251,,,,,,,
44460,22680,0,0,-12120,0,0,24400,0,0,582,0,0,2093,,,,,,,
46479,22608,0,0,-12237,0,0,24432,0,0,595,0,0,2225,,,,,,,
48497,22600,0,0,-11985,0,0,24420,0,0,596,0,0,2427,,,,,,,
51029,22644,0,0,-12055,0,0,24348,0,0,580,0,0,90,,,,,,,
53052,22624,0,0,-12051,0,0,24420,0,0,589,0,0,1690,,,,,,,
55070,22636,0,0,-12054,0,0,24264,0,0,624,0,0,651,,,,,,,
57359,22644,0,0,-12095,0,0,24380,0,0,604,0,0,218,,,,,,,
59377,22640,0,0,-12144,0,0,24316,0,0,598,0,0,1456,,,,,,,
61395,22616,0,0,-12071,0,0,24384,0,0,568,0,0,2195,,,,,,,
63928,22764,0,0,-12067,0,0,24432,0,0,589,0,0,677,,,,,,,
65947,22672,0,0,-12121,0,0,24280,0,0,588,0,0,449,,,,,,,
67965,22832,0,0,-12100,0,0,24456,0,0,617,0,0,151,,,,,,,
70175,22692,0,0,-12083,0,0,24352,0,0,619,0,0,422,,,,,,,
72192,22720,0,0,-12134,0,0,24340,0,0,616,0,0,2000,,,,,,,
74223,22624,0,0,-12083,0,0,24456,0,0,608,0,0,312,,,,,,,
76356,22548,0,0,-12104,0,0,24384,0,0,614,0,0,0,,,,,,,
78375,22664,0,0,-12092,0,0,24332,0,0,609,0,0,0,,,,,,,
80393,22740,0,0,-12148,0,0,24284,0,0,617,0,0,0,,,,,,,
82772,22620,0,0,-12103,0,0,24368,0,0,579,0,0,0,,,,,,,
84790,22664,0,0,-12025,0,0,24248,0,0,605,0,0,0,,,,,,,
86808,22564,0,0,-12093,0,0,24408,0,0,620,0,0,176,,,,,,,
88937,22536,0,0,-12021,0,0,24432,0,0,599,0,0,564,,,,,,,
90958,22568,0,0,-12143,0,0,24376,0,0,628,0,0,2233,,,,,,,
92976,22680,0,0,-12063,0,0,24232,0,0,593,0,0,1203,,,,,,,
95359,22808,0,0,-12152,0,0,24428,0,0,638,0,0,2304,,,,,,,
97377,22720,0,0,-12111,0,0,24464,0,0,606,0,0,2401,,,,,,,
99395,22692,0,0,-12088,0,0,24340,0,0,589,0,0,2484,,,,,,,
101568,22632,0,0,-12072,0,0,24324,0,0,608,0,0,0,,,,,,,
103586,22648,0,0,-12046,0,0,24384,0,0,578,0,0,0,,,,,,,
105604,22672,0,0,-12039,0,0,24272,0,0,581,0,0,0,,,,,,,
108064,22700,0,0,-12081,0,0,24304,0,0,590,0,0,0,,,,,,,
110085,22656,0,0,-12108,0,0,24356,0,0,603,0,0,241,,,,,,,
112103,22676,0,0,-12074,0,0,24384,0,0,595,0,0,85,,,,,,,
114475,22704,0,0,-11972,0,0,24312,0,0,579,0,0,0,,,,,,,
116493,22644,0,0,-12052,0,0,24376,0,0,599,0,0,0,,,,,,,
118511,22644,0,0,-12088,0,0,24392,0,0,585,0,0,701,,,,,,,
120643,22728,0,0,-12092,0,0,24420,0,0,589,0,0,2320,,,,,,,
122661,22680,0,0,-12095,0,0,24368,0,0,580,0,0,1168,,,,,,,
124679,22692,0,0,-12137,0,0,24364,0,0,603,0,0,489,,,,,,,
126977,22712,0,0,-12085,0,0,24456,0,0,584,0,0,254,,,,,,,
128994,22664,0,0,-12114,0,0,24284,0,0,587,0,0,0,,,,,,,
131012,22648,0,0,-12106,0,0,24376,0,0,608,0,0,0,,,,,,,
133145,22628,0,0,-12099,0,0,24440,0,0,602,0,0,0,,,,,,,
135163,22680,0,0,-12048,0,0,24416,0,0,597,0,0,915,,,,,,,
137181,22692,0,0,-12053,0,0,24404,0,0,582,0,0,1915,,,,,,,
139730,22652,0,0,-12016,0,0,24324,0,0,577,0,0,0,,,,,,,
141749,22812,0,0,-12108,0,0,24468,0,0,614,0,0,0,,,,,,,
143767,22624,0,0,-12040,0,0,24432,0,0,559,0,0,0,,,,,,,
145991,22624,0,0,-12077,0,0,24368,0,0,599,0,0,1410,,,,,,,
148028,22692,0,0,-12144,0,0,24304,0,0,580,0,0,301,,,,,,,
150051,22708,0,0,-12118,0,0,24404,0,0,613,0,0,2481,,,,,,,
152263,22660,0,0,-12106,0,0,24396,0,0,573,0,0,0,,,,,,,
154285,22728,0,0,-12057,0,0,24304,0,0,599,0,0,315,,,,,,,
156307,22584,0,0,-12030,0,0,24408,0,0,597,0,0,2489,,,,,,,
158683,22592,0,0,-12095,0,0,24396,0,0,596,0,0,322,,,,,,,
160705,22668,0,0,-12053,0,0,24424,0,0,578,0,0,2480,,,,,,,
162727,22628,0,0,-12102,0,0,24376,0,0,592,0,0,2327,,,,,,,
164996,22680,0,0,-12194,0,0,24308,0,0,606,0,0,0,,,,,,,
167018,22680,0,0,-12054,0,0,24328,0,0,606,0,0,30,,,,,,,
169040,22652,0,0,-12062,0,0,24456,0,0,574,0,0,962,,,,,,,
171380,22680,0,0,-12060,0,0,24300,0,0,586,0,0,1751,,,,,,,
173402,22648,0,0,-12273,0,0,24352,0,0,597,0,0,2418,,,,,,,
175424,22696,0,0,-12089,0,0,24376,0,0,572,0,0,1994,,,,,,,
177560,22516,0,0,-12131,0,0,24304,0,0,607,0,0,2400,,,,,,,
179582,22688,0,0,-11991,0,0,24376,0,0,616,0,0,2081,,,,,,,
181604,22576,0,0,-12119,0,0,24348,0,0,593,0,0,0,,,,,,,
184231,22688,0,0,-12112,0,0,24412,0,0,593,0,0,86,,,,,,,
186253,22668,0,0,-12096,0,0,24436,0,0,608,0,0,1231,,,,,,,
188275,22652,0,0,-12038,0,0,24400,0,0,610,0,0,2455,,,,,,,
190568,22768,0,0,-12140,0,0,24348,0,0,600,0,0,135,,,,,,,
192590,22660,0,0,-11986,0,0,24344,0,0,602,0,0,1456,,,,,,,
194628,22568,0,0,-12116,0,0,24448,0,0,597,0,0,733,,,,,,,
197244,22636,0,0,-12096,0,0,24428,0,0,579,0,0,7,,,,,,,
199266,22732,0,0,-12118,0,0,24308,0,0,587,0,0,773,,,,,,,
201288,22644,0,0,-12089,0,0,24376,0,0,595,0,0,2501,,,,,,,
203586,22832,0,0,-12006,0,0,24244,0,0,594,0,0,2515,,,,,,,
205608,22660,0,0,-12191,0,0,24336,0,0,591,0,0,2408,,,,,,,
207630,22744,0,0,-12067,0,0,24332,0,0,582,0,0,1198,,,,,,,
209854,22676,0,0,-12053,0,0,24372,0,0,572,0,0,0,,,,,,,
211876,22624,0,0,-12121,0,0,24368,0,0,591,0,0,0,,,,,,,
213898,22664,0,0,-12157,0,0,24388,0,0,598,0,0,115,,,,,,,
215982,22716,0,0,-12060,0,0,24364,0,0,594,0,0,2494,,,,,,,
218004,22620,0,0,-12141,0,0,24372,0,0,590,0,0,2358,,,,,,,
220026,22684,0,0,-12128,0,0,24316,0,0,607,0,0,2015,,,,,,,
222167,22656,0,0,-12071,0,0,24344,0,0,583,0,0,1091,,,,,,,
224189,22660,0,0,-12143,0,0,24348,0,0,608,0,0,0,,,,,,,
226211,22628,0,0,-12028,0,0,24336,0,0,581,0,0,0,,,,,,,
228967,22508,0,0,-12096,0,0,24412,0,0,587,0,0,0,,,,,,,
230989,22652,0,0,-12056,0,0,24376,0,0,577,0,0,0,,,,,,,
233011,22656,0,0,-12130,0,0,24400,0,0,606,0,0,0,,,,,,,
235567,22564,0,0,-12071,0,0,24420,0,0,592,0,0,0,,,,,,,
237589,22620,0,0,-12098,0,0,24340,0,0,596,0,0,0,,,,,,,
239611,22648,0,0,-12029,0,0,24236,0,0,579,0,0,0,,,,,,,
242031,22664,0,0,-12112,0,0,24352,0,0,572,0,0,0,,,,,,,
244053,22780,0,0,-12098,0,0,24340,0,0,622,0,0,176,,,,,,,
246075,22632,0,0,-12157,0,0,24432,0,0,581,0,0,881,,,,,,,
248368,22648,0,0,-12055,0,0,24432,0,0,577,0,0,0,,,,,,,
250390,22700,0,0,-12081,0,0,24304,0,0,599,0,0,0,,,,,,,
252412,22644,0,0,-12027,0,0,24268,0,0,609,0,0,134,,,,,,,
254867,22700,0,0,-12143,0,0,24292,0,0,581,0,0,0,,,,,,,
256889,22628,0,0,-12024,0,0,24412,0,0,590,0,0,0,,,,,,,
258911,22672,0,0,-12118,0,0,24372,0,0,583,0,0,219,,,,,,,
261370,22560,0,0,-12128,0,0,24336,0,0,584,0,0,125,,,,,,,
263392,22700,0,0,-12107,0,0,24408,0,0,590,0,0,955,,,,,,,
265414,22720,0,0,-12043,0,0,24360,0,0,570,0,0,2527,,,,,,,
267868,22560,0,0,-12147,0,0,24284,0,0,589,0,0,0,,,,,,,
269890,22632,0,0,-12019,0,0,24284,0,0,606,0,0,365,,,,,,,
271912,22672,0,0,-12106,0,0,24388,0,0,592,0,0,1827,,,,,,,
274367,22616,0,0,-12146,0,0,24352,0,0,587,0,0,0,,,,,,,
276389,22644,0,0,-12029,0,0,24452,0,0,591,0,0,377,,,,,,,
278411,22532,0,0,-12163,0,0,24388,0,0,584,0,0,2112,,,,,,,
280799,22744,0,0,-12081,0,0,24412,0,0,599,0,0,0,,,,,,,
282821,22676,0,0,-12111,0,0,24388,0,0,596,0,0,0,,,,,,,
284843,22672,0,0,-12048,0,0,24364,0,0,611,0,0,0,,,,,,,
287156,22632,0,0,-12008,0,0,24364,0,0,601,0,0,1061,,,,,,,
289178,22740,0,0,-12090,0,0,24392,0,0,606,0,0,0,,,,,,,
291200,22692,0,0,-12058,0,0,24424,0,0,590,0,0,0,,,,,,,
293577,22544,0,0,-12122,0,0,24404,0,0,599,0,0,0,,,,,,,
295599,22636,0,0,-12090,0,0,24428,0,0,581,0,0,0,,,,,,,
297620,22708,0,0,-12011,0,0,24312,0,0,589,0,0,0,,,,,,,
300101,22616,0,0,-12132,0,0,24336,0,0,588,0,0,0,,,,,,,
302125,22604,0,0,-12038,0,0,24300,0,0,583,0,0,1906,,,,,,,
304147,22616,0,0,-12071,0,0,24336,0,0,610,0,0,2430,,,,,,,
306254,22704,0,0,-12025,0,0,24428,0,0,603,0,0,0,,,,,,,
308276,22676,0,0,-12155,0,0,24236,0,0,596,0,0,0,,,,,,,
310298,22548,0,0,-12077,0,0,24340,0,0,600,0,0,0,,,,,,,
312582,22732,0,0,-12126,0,0,24360,0,0,611,0,0,1505,,,,,,,
314604,22712,0,0,-12065,0,0,24344,0,0,585,0,0,2467,,,,,,,
316626,22528,0,0,-12085,0,0,24464,0,0,607,0,0,2288,,,,,,,
318775,22680,0,0,-12032,0,0,24320,0,0,572,0,0,0,,,,,,,
320797,22620,0,0,-12104,0,0,24232,0,0,589,0,0,128,,,,,,,
322820,22648,0,0,-12092,0,0,24404,0,0,594,0,0,1570,,,,,,,
325278,22588,0,0,-12115,0,0,24352,0,0,578,0,0,529,,,,,,,
327300,22656,0,0,-12063,0,0,24296,0,0,596,0,0,2261,,,,,,,
329322,22688,0,0,-12012,0,0,24344,0,0,594,0,0,2383,,,,,,,
332028,22640,0,0,-12101,0,0,24380,0,0,595,0,0,0,,,,,,,
334050,22716,0,0,-12062,0,0,24468,0,0,617,0,0,0,,,,,,,
336072,22616,0,0,-12167,0,0,24480,0,0,584,0,0,0,,,,,,,
338284,22616,0,0,-12125,0,0,24336,0,0,605,0,0,1776,,,,,,,
340306,22600,0,0,-12050,0,0,24356,0,0,593,0,0,65,,,,,,,
342328,22700,0,0,-12078,0,0,24396,0,0,588,0,0,0,,,,,,,
344460,22728,0,0,-11988,0,0,24356,0,0,595,0,0,2385,,,,,,,
346482,22720,0,0,-12040,0,0,24448,0,0,564,0,0,2229,,,,,,,
348504,22716,0,0,-12060,0,0,24344,0,0,594,0,0,957,,,,,,,
351081,22688,0,0,-12079,0,0,24392,0,0,582,0,0,2289,,,,,,,
353103,22576,0,0,-12077,0,0,24348,0,0,589,0,0,1313,,,,,,,
355129,22696,0,0,-12027,0,0,24388,0,0,591,0,0,0,,,,,,,
357586,22688,0,0,-12090,0,0,24228,0,0,609,0,0,0,,,,,,,
359608,22708,0,0,-12065,0,0,24312,0,0,593,0,0,0,,,,,,,
361630,22700,0,0,-12064,0,0,24320,0,0,591,0,0,0,,,,,,,
363762,22532,0,0,-12228,0,0,24240,0,0,611,0,0,938,,,,,,,
365784,22720,0,0,-12076,0,0,24336,0,0,578,0,0,0,,,,,,,
367806,22636,0,0,-11985,0,0,24376,0,0,564,0,0,0,,,,,,,
370102,22708,0,0,-12172,0,0,24320,0,0,598,0,0,0,,,,,,,
372124,22632,0,0,-12104,0,0,24484,0,0,619,0,0,0,,,,,,,
374149,22592,0,0,-12097,0,0,24368,0,0,608,0,0,61,,,,,,,
376284,22580,0,0,-12139,0,0,24512,0,0,597,0,0,0,,,,,,,
378306,22692,0,0,-12114,0,0,24284,0,0,603,0,0,0,,,,,,,
380328,22572,0,0,-12082,0,0,24376,0,0,621,0,0,138,,,,,,,
382461,22628,0,0,-12101,0,0,24432,0,0,588,0,0,0,,,,,,,
384483,22656,0,0,-12107,0,0,24288,0,0,599,0,0,0,,,,,,,
386505,22608,0,0,-12230,0,0,24356,0,0,596,0,0,0,,,,,,,
389090,22708,0,0,-12089,0,0,24324,0,0,597,0,0,2392,,,,,,,
391112,22668,0,0,-12117,0,0,24420,0,0,621,0,0,2447,,,,,,,
393138,22608,0,0,-12075,0,0,24372,0,0,588,0,0,0,,,,,,,
395439,22560,0,0,-12106,0,0,24384,0,0,584,0,0,0,,,,,,,
397461,22528,0,0,-12119,0,0,24476,0,0,601,0,0,0,,,,,,,
399483,22668,0,0,-12141,0,0,24368,0,0,613,0,0,0,,,,,,,
401779,22724,0,0,-12022,0,0,24240,0,0,589,0,0,0,,,,,,,
403801,22608,0,0,-12017,0,0,24336,0,0,585,0,0,0,,,,,,,
405823,22600,0,0,-12117,0,0,24424,0,0,554,0,0,0,,,,,,,
408334,22524,0,0,-12052,0,0,24452,0,0,581,0,0,2995,,,,,,,
410356,22736,0,0,-12172,0,0,24420,0,0,596,0,0,795,,,,,,,
412381,22768,0,0,-12131,0,0,24456,0,0,588,0,0,0,,,,,,,
414677,22704,0,0,-12066,0,0,24424,0,0,593,0,0,0,,,,,,,
416699,22712,0,0,-12024,0,0,24416,0,0,580,0,0,0,,,,,,,
418721,22552,0,0,-12081,0,0,24332,0,0,608,0,0,0,,,,,,,
421187,22684,0,0,-12034,0,0,24352,0,0,615,0,0,2146,,,,,,,
423303,22716,0,0,-12060,0,0,24388,0,0,568,0,0,133,,,,,,,
425325,22660,0,0,-12118,0,0,24384,0,0,600,0,0,798,,,,,,,
427458,22636,0,0,-12046,0,0,24360,0,0,613,0,0,0,,,,,,,
429480,22776,0,0,-12067,0,0,24380,0,0,609,0,0,0,,,,,,,
431505,22620,0,0,-12074,0,0,24340,0,0,590,0,0,1277,,,,,,,
433752,22704,0,0,-12074,0,0,24380,0,0,591,0,0,1235,,,,,,,
435774,22624,0,0,-12162,0,0,24264,0,0,584,0,0,0,,,,,,,
437796,22572,0,0,-12071,0,0,24320,0,0,610,0,0,0,,,,,,,
440098,22552,0,0,-12124,0,0,24340,0,0,620,0,0,0,,,,,,,
442120,22576,0,0,-12114,0,0,24404,0,0,612,0,0,0,,,,,,,
444142,22648,0,0,-12063,0,0,24388,0,0,593,0,0,99,,,,,,,
446353,22792,0,0,-12042,0,0,24416,0,0,597,0,0,1127,,,,,,,
448375,22640,0,0,-12058,0,0,24364,0,0,600,0,0,0,,,,,,,
450414,22676,0,0,-12143,0,0,24356,0,0,600,0,0,1130,,,,,,,
452584,22696,0,0,-11993,0,0,24412,0,0,591,0,0,79,,,,,,,
454606,22700,0,0,-12079,0,0,24452,0,0,584,0,0,298,,,,,,,
456628,22644,0,0,-12043,0,0,24476,0,0,592,0,0,812,,,,,,,
458873,22672,0,0,-12127,0,0,24344,0,0,600,0,0,2442,,,,,,,
460895,22664,0,0,-11978,0,0,24332,0,0,582,0,0,2302,,,,,,,
462917,22772,0,0,-12041,0,0,24392,0,0,602,0,0,2117,,,,,,,
465319,22588,0,0,-12138,0,0,24344,0,0,604,0,0,1289,,,,,,,
467341,22672,0,0,-12106,0,0,24388,0,0,594,0,0,479,,,,,,,
469366,22700,0,0,-12009,0,0,24296,0,0,587,0,0,0,,,,,,,
471581,22676,0,0,-11996,0,0,24412,0,0,597,0,0,1503,,,,,,,
473603,22648,0,0,-12051,0,0,24384,0,0,586,0,0,0,,,,,,,
475625,22644,0,0,-12101,0,0,24364,0,0,570,0,0,0,,,,,,,
478092,22644,0,0,-12181,0,0,24236,0,0,604,0,0,0,,,,,,,
480114,22696,0,0,-12030,0,0,24384,0,0,568,0,0,129,,,,,,,
482136,22616,0,0,-12000,0,0,24356,0,0,607,0,0,370,,,,,,,
484356,22692,0,0,-12185,0,0,24344,0,0,614,0,0,176,,,,,,,
486378,22632,0,0,-12190,0,0,24360,0,0,607,0,0,363,,,,,,,
488404,22648,0,0,-12096,0,0,24480,0,0,596,0,0,2392,,,,,,,
490572,22696,0,0,-12036,0,0,24428,0,0,603,0,0,0,,,,,,,
492594,22660,0,0,-12061,0,0,24376,0,0,600,0,0,0,,,,,,,
494616,22664,0,0,-12154,0,0,24384,0,0,604,0,0,0,,,,,,,
497083,22748,0,0,-12028,0,0,24424,0,0,574,0,0,439,,,,,,,
499105,22728,0,0,-12018,0,0,24396,0,0,573,0,0,980,,,,,,,
501127,22672,0,0,-12097,0,0,24348,0,0,586,0,0,1899,,,,,,,
503662,22516,0,0,-11999,0,0,24356,0,0,607,0,0,0,,,,,,,
505684,22684,0,0,-12094,0,0,24268,0,0,585,0,0,0,,,,,,,
507709,22744,0,0,-12084,0,0,24388,0,0,589,0,0,394,,,,,,,
510095,22616,0,0,-12022,0,0,24364,0,0,587,0,0,2485,,,,,,,
512117,22600,0,0,-12048,0,0,24336,0,0,615,0,0,2411,,,,,,,
514139,22576,0,0,-12045,0,0,24332,0,0,619,0,0,2368,,,,,,,
516372,22684,0,0,-12150,0,0,24312,0,0,602,0,0,0,,,,,,,
518394,22680,0,0,-12093,0,0,24388,0,0,605,0,0,0,,,,,,,
520417,22664,0,0,-12011,0,0,24408,0,0,583,0,0,0,,,,,,,
522485,22640,0,0,-12092,0,0,24340,0,0,583,0,0,2073,,,,,,,
524507,22656,0,0,-12165,0,0,24356,0,0,584,0,0,1887,,,,,,,
526533,22760,0,0,-12008,0,0,24348,0,0,597,0,0,2335,,,,,,,
528655,22636,0,0,-12032,0,0,24376,0,0,600,0,0,2315,,,,,,,
530677,22580,0,0,-12018,0,0,24396,0,0,601,0,0,2347,,,,,,,
532699,22528,0,0,-12056,0,0,24384,0,0,595,0,0,2365,,,,,,,
534989,22684,0,0,-12038,0,0,24380,0,0,606,0,0,0,,,,,,,
537011,22728,0,0,-12084,0,0,24416,0,0,593,0,0,0,,,,,,,
539033,22712,0,0,-12073,0,0,24368,0,0,600,0,0,0,,,,,,,
541166,22620,0,0,-11973,0,0,24416,0,0,602,0,0,1997,,,,,,,
543188,22684,0,0,-12079,0,0,24472,0,0,588,0,0,1572,,,,,,,
545213,22672,0,0,-12061,0,0,24276,0,0,618,0,0,2450,,,,,,,
547587,22564,0,0,-12059,0,0,24424,0,0,584,0,0,0,,,,,,,
549609,22740,0,0,-12050,0,0,24428,0,0,591,0,0,0,,,,,,,
551631,22708,0,0,-12078,0,0,24356,0,0,613,0,0,0,,,,,,,
553764,22640,0,0,-12072,0,0,24304,0,0,600,0,0,2419,,,,,,,
555786,22636,0,0,-12075,0,0,24360,0,0,605,0,0,2487,,,,,,,
557808,22632,0,0,-12138,0,0,24392,0,0,589,0,0,2515,,,,,,,
560101,22732,0,0,-12030,0,0,24424,0,0,579,0,0,0,,,,,,,
562136,22672,0,0,-12104,0,0,24352,0,0,549,0,0,3869,,,,,,,
564162,22576,0,0,-12117,0,0,24352,0,0,571,0,0,1043,,,,,,,
566535,22684,0,0,-12095,0,0,24328,0,0,628,0,0,166,,,,,,,
568557,22612,0,0,-12076,0,0,24352,0,0,588,0,0,50,,,,,,,
570579,22640,0,0,-12155,0,0,24356,0,0,577,0,0,0,,,,,,,
572821,22644,0,0,-12068,0,0,24376,0,0,592,0,0,0,,,,,,,
574843,22744,0,0,-12107,0,0,24300,0,0,612,0,0,0,,,,,,,
576865,22592,0,0,-12083,0,0,24428,0,0,607,0,0,0,,,,,,,
579076,22648,0,0,-12148,0,0,24328,0,0,575,0,0,1954,,,,,,,
581098,22628,0,0,-12151,0,0,24440,0,0,603,0,0,1141,,,,,,,
583123,22608,0,0,-12155,0,0,24312,0,0,599,0,0,2521,,,,,,,
585581,22616,0,0,-12123,0,0,24380,0,0,577,0,0,17,,,,,,,
587603,22660,0,0,-12052,0,0,24308,0,0,609,0,0,0,,,,,,,
589625,22608,0,0,-12078,0,0,24408,0,0,599,0,0,0,,,,,,,
592189,22652,0,0,-12096,0,0,24324,0,0,608,0,0,0,,,,,,,
594211,22740,0,0,-12055,0,0,24432,0,0,604,0,0,0,,,,,,,
596233,22732,0,0,-11982,0,0,24308,0,0,620,0,0,0,,,,,,,
598366,22708,0,0,-12143,0,0,24332,0,0,599,0,0,2357,,,,,,,
600388,22656,0,0,-12090,0,0,24272,0,0,612,0,0,2415,,,,,,,
602427,22488,0,0,-12051,0,0,24392,0,0,584,0,0,701,,,,,,,
604885,22604,0,0,-12086,0,0,24344,0,0,593,0,0,0,,,,,,,
606907,22652,0,0,-12043,0,0,24268,0,0,559,0,0,0,,,,,,,
608929,22580,0,0,-12061,0,0,24308,0,0,608,0,0,0,,,,,,,
611395,22652,0,0,-12045,0,0,24324,0,0,598,0,0,0,,,,,,,
613417,22628,0,0,-12160,0,0,24316,0,0,587,0,0,0,,,,,,,
615439,22644,0,0,-12069,0,0,24420,0,0,591,0,0,0,,,,,,,
617575,22668,0,0,-12264,0,0,24444,0,0,602,0,0,2137,,,,,,,
619597,22616,0,0,-12070,0,0,24300,0,0,575,0,0,2271,,,,,,,
621622,22728,0,0,-12055,0,0,24308,0,0,591,0,0,889,,,,,,,
624285,22724,0,0,-12138,0,0,24352,0,0,595,0,0,1099,,,,,,,
626307,22656,0,0,-12107,0,0,24296,0,0,574,0,0,1564,,,,,,,
628329,22632,0,0,-12075,0,0,24380,0,0,600,0,0,2063,,,,,,,
630856,22688,0,0,-11996,0,0,24396,0,0,606,0,0,0,,,,,,,
632878,22616,0,0,-12170,0,0,24336,0,0,574,0,0,0,,,,,,,
634900,22684,0,0,-12087,0,0,24352,0,0,613,0,0,0,,,,,,,
637235,22680,0,0,-12067,0,0,24216,0,0,574,0,0,2533,,,,,,,
639262,22680,0,0,-12048,0,0,24384,0,0,604,0,0,1514,,,,,,,
641284,22556,0,0,-12048,0,0,24240,0,0,608,0,0,1444,,,,,,,
643577,22508,0,0,-12067,0,0,24388,0,0,613,0,0,186,,,,,,,
645599,22628,0,0,-12147,0,0,24384,0,0,594,0,0,202,,,,,,,
647621,22684,0,0,-12080,0,0,24384,0,0,618,0,0,195,,,,,,,
650071,22636,0,0,-12087,0,0,24328,0,0,602,0,0,2268,,,,,,,
652093,22608,0,0,-12119,0,0,24388,0,0,603,0,0,2263,,,,,,,
654115,22608,0,0,-12061,0,0,24468,0,0,585,0,0,2258,,,,,,,
656491,22616,0,0,-12054,0,0,24448,0,0,600,0,0,729,,,,,,,
658516,22692,0,0,-12126,0,0,24288,0,0,603,0,0,2515,,,,,,,
660538,22720,0,0,-12113,0,0,24424,0,0,597,0,0,2483,,,,,,,
662674,22628,0,0,-12027,0,0,24344,0,0,596,0,0,74,,,,,,,
664696,22692,0,0,-12110,0,0,24312,0,0,592,0,0,125,,,,,,,
666718,22568,0,0,-12221,0,0,24324,0,0,601,0,0,192,,,,,,,
670005,22760,0,0,-12053,0,0,24364,0,0,597,0,0,2498,,,,,,,
672027,22684,0,0,-12052,0,0,24348,0,0,608,0,0,2464,,,,,,,
674049,22564,0,0,-11991,0,0,24376,0,0,578,0,0,2448,,,,,,,
676185,22652,0,0,-12141,0,0,24372,0,0,622,0,0,94,,,,,,,
678212,22748,0,0,-12041,0,0,24324,0,0,593,0,0,2523,,,,,,,
680234,22672,0,0,-11986,0,0,24352,0,0,575,0,0,2512,,,,,,,
682358,22644,0,0,-12069,0,0,24380,0,0,605,0,0,2361,,,,,,,
684393,22520,0,0,-12149,0,0,24332,0,0,598,0,0,13,,,,,,,
686415,22608,0,0,-12079,0,0,24300,0,0,597,0,0,6,,,,,,,
688699,22708,0,0,-12045,0,0,24312,0,0,599,0,0,309,,,,,,,
690721,22592,0,0,-12035,0,0,24336,0,0,603,0,0,272,,,,,,,
692743,22548,0,0,-12160,0,0,24276,0,0,609,0,0,319,,,,,,,
694970,22616,0,0,-12073,0,0,24432,0,0,588,0,0,2435,,,,,,,
696995,22704,0,0,-12140,0,0,24436,0,0,591,0,0,2110,,,,,,,
699017,22616,0,0,-12031,0,0,24420,0,0,601,0,0,2022,,,,,,,
701273,22656,0,0,-12105,0,0,24344,0,0,605,0,0,1424,,,,,,,
703295,22624,0,0,-12029,0,0,24440,0,0,588,0,0,1504,,,,,,,
705317,22656,0,0,-12082,0,0,24288,0,0,591,0,0,1669,,,,,,,
707781,22680,0,0,-12103,0,0,24348,0,0,597,0,0,2515,,,,,,,
709803,22664,0,0,-12089,0,0,24396,0,0,603,0,0,2531,,,,,,,
711825,22668,0,0,-11997,0,0,24332,0,0,580,0,0,2465,,,,,,,
714284,22616,0,0,-12052,0,0,24360,0,0,587,0,0,1087,,,,,,,
716306,22512,0,0,-12045,0,0,24396,0,0,582,0,0,1106,,,,,,,
718328,22616,0,0,-12120,0,0,24424,0,0,613,0,0,1347,,,,,,,
720786,22620,0,0,-12092,0,0,24396,0,0,587,0,0,0,,,,,,,
722808,22664,0,0,-12036,0,0,24384,0,0,575,0,0,0,,,,,,,
724830,22644,0,0,-12011,0,0,24308,0,0,588,0,0,30,,,,,,,
727296,22664,0,0,-12073,0,0,24384,0,0,601,0,0,1441,,,,,,,
729318,22592,0,0,-12055,0,0,24324,0,0,632,0,0,1566,,,,,,,
731340,22688,0,0,-12126,0,0,24328,0,0,593,0,0,2038,,,,,,,
733479,22624,0,0,-12073,0,0,24432,0,0,582,0,0,390,,,,,,,
735501,22664,0,0,-12051,0,0,24356,0,0,579,0,0,612,,,,,,,
737523,22596,0,0,-11979,0,0,24292,0,0,590,0,0,757,,,,,,,
739988,22664,0,0,-12016,0,0,24304,0,0,602,0,0,2521,,,,,,,
742010,22640,0,0,-12098,0,0,24452,0,0,601,0,0,2471,,,,,,,
744032,22600,0,0,-12072,0,0,24336,0,0,587,0,0,2417,,,,,,,
746498,22656,0,0,-12099,0,0,24324,0,0,563,0,0,1487,,,,,,,
748615,22700,0,0,-12199,0,0,24556,0,0,592,0,0,2544,,,,,,,
750637,22696,0,0,-12164,0,0,24292,0,0,602,0,0,2516,,,,,,,
752905,22664,0,0,-12098,0,0,24224,0,0,596,0,0,592,,,,,,,
754928,22628,0,0,-12080,0,0,24364,0,0,611,0,0,0,,,,,,,
756950,22652,0,0,-12023,0,0,24516,0,0,617,0,0,0,,,,,,,
759162,22720,0,0,-12132,0,0,24260,0,0,583,0,0,458,,,,,,,
761184,22720,0,0,-12038,0,0,24376,0,0,601,0,0,455,,,,,,,
763206,22556,0,0,-12116,0,0,24324,0,0,585,0,0,454,,,,,,,
765371,22596,0,0,-12074,0,0,24372,0,0,597,0,0,2514,,,,,,,
767393,22644,0,0,-12046,0,0,24296,0,0,583,0,0,2499,,,,,,,
769415,22584,0,0,-12090,0,0,24352,0,0,592,0,0,2544,,,,,,,
771866,22616,0,0,-11993,0,0,24268,0,0,607,0,0,0,,,,,,,
773888,22632,0,0,-12057,0,0,24484,0,0,586,0,0,0,,,,,,,
775910,22532,0,0,-12113,0,0,24304,0,0,605,0,0,0,,,,,,,
778083,22688,0,0,-12065,0,0,24388,0,0,602,0,0,2396,,,,,,,
780105,22768,0,0,-11938,0,0,24364,0,0,588,0,0,2363,,,,,,,
782127,22672,0,0,-12009,0,0,24340,0,0,580,0,0,2393,,,,,,,
784689,22652,0,0,-12093,0,0,24388,0,0,589,0,0,2140,,,,,,,
786711,22696,0,0,-12033,0,0,24476,0,0,596,0,0,1387,,,,,,,
788733,22716,0,0,-12155,0,0,24316,0,0,599,0,0,655,,,,,,,
790984,22772,0,0,-12097,0,0,24356,0,0,590,0,0,289,,,,,,,
793006,22660,0,0,-12017,0,0,24404,0,0,593,0,0,741,,,,,,,
795028,22656,0,0,-12080,0,0,24352,0,0,599,0,0,1535,,,,,,,
797482,22536,0,0,-12006,0,0,24328,0,0,613,0,0,0,,,,,,,
799504,22660,0,0,-12144,0,0,24332,0,0,593,0,0,0,,,,,,,
801526,22660,0,0,-12156,0,0,24356,0,0,594,0,0,0,,,,,,,
804109,22656,0,0,-12172,0,0,24300,0,0,576,0,0,150,,,,,,,
806144,22760,0,0,-12013,0,0,24436,0,0,586,0,0,0,,,,,,,
808166,22508,0,0,-11977,0,0,24308,0,0,573,0,0,0,,,,,,,
810354,22656,0,0,-12111,0,0,24332,0,0,604,0,0,1357,,,,,,,
812376,22564,0,0,-12033,0,0,24308,0,0,582,0,0,2524,,,,,,,
814398,22696,0,0,-12071,0,0,24292,0,0,596,0,0,2493,,,,,,,
816694,22536,0,0,-12099,0,0,24208,0,0,630,0,0,161,,,,,,,
818716,22704,0,0,-12095,0,0,24412,0,0,597,0,0,400,,,,,,,
820738,22624,0,0,-12147,0,0,24364,0,0,588,0,0,946,,,,,,,
823283,22600,0,0,-12030,0,0,24308,0,0,591,0,0,2427,,,,,,,
825305,22684,0,0,-12073,0,0,24376,0,0,576,0,0,2363,,,,,,,
827332,22652,0,0,-12084,0,0,24324,0,0,606,0,0,0,,,,,,,
829790,22668,0,0,-12110,0,0,24376,0,0,601,0,0,1220,,,,,,,
831812,22704,0,0,-12120,0,0,24388,0,0,601,0,0,256,,,,,,,
833834,22624,0,0,-12218,0,0,24284,0,0,610,0,0,0,,,,,,,
836300,22616,0,0,-12078,0,0,24360,0,0,596,0,0,0,,,,,,,
838322,22600,0,0,-12155,0,0,24408,0,0,582,0,0,71,,,,,,,
840344,22616,0,0,-12084,0,0,24352,0,0,574,0,0,383,,,,,,,
842480,22656,0,0,-12028,0,0,24324,0,0,595,0,0,0,,,,,,,
844502,22620,0,0,-12005,0,0,24340,0,0,587,0,0,0,,,,,,,
846530,22656,0,0,-12077,0,0,24368,0,0,583,0,0,2346,,,,,,,
849114,22640,0,0,-12050,0,0,24340,0,0,615,0,0,1058,,,,,,,
851136,22644,0,0,-12100,0,0,24432,0,0,603,0,0,0,,,,,,,
853158,22692,0,0,-12118,0,0,24380,0,0,599,0,0,0,,,,,,,
855593,22552,0,0,-12053,0,0,24356,0,0,585,0,0,1995,,,,,,,
857615,22744,0,0,-12074,0,0,24476,0,0,585,0,0,560,,,,,,,
859637,22620,0,0,-12158,0,0,24428,0,0,634,0,0,0,,,,,,,
862177,22568,0,0,-12052,0,0,24336,0,0,593,0,0,0,,,,,,,
864199,22596,0,0,-12131,0,0,24424,0,0,585,0,0,0,,,,,,,
866225,22708,0,0,-12067,0,0,24360,0,0,606,0,0,139,,,,,,,
868327,22660,0,0,-12052,0,0,24388,0,0,575,0,0,731,,,,,,,
870349,22752,0,0,-12150,0,0,24372,0,0,598,0,0,2271,,,,,,,
872371,22644,0,0,-12020,0,0,24340,0,0,604,0,0,2444,,,,,,,
874668,22696,0,0,-12007,0,0,24384,0,0,599,0,0,1011,,,,,,,
876690,22700,0,0,-12041,0,0,24360,0,0,598,0,0,2529,,,,,,,
878712,22720,0,0,-12069,0,0,24360,0,0,576,0,0,2445,,,,,,,
880889,22728,0,0,-12034,0,0,24364,0,0,587,0,0,1243,,,,,,,
882911,22552,0,0,-12060,0,0,24460,0,0,596,0,0,2522,,,,,,,
884936,22568,0,0,-12047,0,0,24364,0,0,616,0,0,1535,,,,,,,
887417,22752,0,0,-12046,0,0,24328,0,0,577,0,0,857,,,,,,,
889439,22692,0,0,-12067,0,0,24316,0,0,592,0,0,0,,,,,,,
891461,22668,0,0,-12010,0,0,24316,0,0,570,0,0,0,,,,,,,
893754,22640,0,0,-12178,0,0,24292,0,0,595,0,0,2251,,,,,,,
895776,22768,0,0,-12161,0,0,24380,0,0,591,0,0,975,,,,,,,
897798,22648,0,0,-12148,0,0,24376,0,0,598,0,0,0,,,,,,,
900094,22620,0,0,-12129,0,0,24316,0,0,596,0,0,1663,,,,,,,
902116,22708,0,0,-12141,0,0,24284,0,0,567,0,0,0,,,,,,,
904155,22796,0,0,-12007,0,0,24348,0,0,584,0,0,0,,,,,,,
906273,22672,0,0,-12136,0,0,24336,0,0,583,0,0,907,,,,,,,
908295,22656,0,0,-11990,0,0,24316,0,0,600,0,0,0,,,,,,,
910317,22732,0,0,-12100,0,0,24448,0,0,608,0,0,0,,,,,,,
912790,22660,0,0,-12044,0,0,24336,0,0,609,0,0,1446,,,,,,,
914812,22640,0,0,-12068,0,0,24320,0,0,618,0,0,0,,,,,,,
916834,22584,0,0,-12140,0,0,24364,0,0,581,0,0,0,,,,,,,
919300,22648,0,0,-12048,0,0,24380,0,0,607,0,0,964,,,,,,,
921322,22668,0,0,-11951,0,0,24384,0,0,590,0,0,3816,,,,,,,
923347,22732,0,0,-12088,0,0,24328,0,0,597,0,0,766,,,,,,,
925495,22712,0,0,-12101,0,0,24336,0,0,583,0,0,29,,,,,,,
927530,22576,0,0,-12151,0,0,24372,0,0,593,0,0,0,,,,,,,
929552,22700,0,0,-12186,0,0,24272,0,0,565,0,0,0,,,,,,,
931774,22564,0,0,-11997,0,0,24388,0,0,610,0,0,187,,,,,,,
933796,22536,0,0,-12056,0,0,24364,0,0,596,0,0,1281,,,,,,,
935818,22588,0,0,-12150,0,0,24364,0,0,612,0,0,2467,,,,,,,
937979,22592,0,0,-11971,0,0,24344,0,0,580,0,0,2325,,,,,,,
940001,22672,0,0,-12071,0,0,24324,0,0,596,0,0,1095,,,,,,,
942027,22628,0,0,-12053,0,0,24416,0,0,593,0,0,0,,,,,,,
944197,22644,0,0,-12111,0,0,24360,0,0,597,0,0,2303,,,,,,,
946219,22632,0,0,-12076,0,0,24388,0,0,580,0,0,1102,,,,,,,
948241,22644,0,0,-12072,0,0,24392,0,0,618,0,0,0,,,,,,,
950947,22692,0,0,-12013,0,0,24376,0,0,576,0,0,131,,,,,,,
952969,22632,0,0,-12145,0,0,24304,0,0,576,0,0,1517,,,,,,,
954991,22668,0,0,-12134,0,0,24404,0,0,595,0,0,2415,,,,,,,
957265,22668,0,0,-12090,0,0,24320,0,0,584,0,0,383,,,,,,,
959287,22696,0,0,-12050,0,0,24320,0,0,587,0,0,2498,,,,,,,
961312,22684,0,0,-12151,0,0,24436,0,0,561,0,0,1415,,,,,,,
963615,22604,0,0,-11968,0,0,24372,0,0,614,0,0,0,,,,,,,
965637,22640,0,0,-12151,0,0,24324,0,0,607,0,0,0,,,,,,,
967659,22712,0,0,-12032,0,0,24352,0,0,585,0,0,0,,,,,,,
969795,22596,0,0,-12159,0,0,24340,0,0,582,0,0,0,,,,,,,
971817,22644,0,0,-11994,0,0,24436,0,0,583,0,0,0,,,,,,,
973840,22576,0,0,-11975,0,0,24376,0,0,600,0,0,407,,,,,,,
976341,22608,0,0,-12041,0,0,24272,0,0,587,0,0,1570,,,,,,,
978363,22644,0,0,-12033,0,0,24232,0,0,589,0,0,2450,,,,,,,
980389,22604,0,0,-12108,0,0,24276,0,0,579,0,0,0,,,,,,,
982760,22720,0,0,-12123,0,0,24380,0,0,591,0,0,2511,,,,,,,
984782,22560,0,0,-12062,0,0,24376,0,0,596,0,0,3687,,,,,,,
986804,22704,0,0,-12070,0,0,24392,0,0,617,0,0,1083,,,,,,,
989250,22604,0,0,-12273,0,0,24340,0,0,595,0,0,0,,,,,,,
991272,22704,0,0,-12146,0,0,24360,0,0,603,0,0,237,,,,,,,
993294,22556,0,0,-12075,0,0,24376,0,0,600,0,0,2149,,,,,,,
995546,22684,0,0,-12083,0,0,24384,0,0,594,0,0,0,,,,,,,
997571,22652,0,0,-12064,0,0,24364,0,0,590,0,0,1418,,,,,,,
999593,22724,0,0,-12073,0,0,24424,0,0,593,0,0,2405,,,,,,,
1001886,22604,0,0,-12109,0,0,24284,0,0,602,0,0,149,,,,,,,
1003908,22740,0,0,-12095,0,0,24264,0,0,610,0,0,1647,,,,,,,
1005930,22640,0,0,-12119,0,0,24324,0,0,600,0,0,2399,,,,,,,
1008350,22720,0,0,-12097,0,0,24248,0,0,598,0,0,2314,,,,,,,
1010372,22656,0,0,-11999,0,0,24388,0,0,597,0,0,944,,,,,,,
1012394,22672,0,0,-12145,0,0,24324,0,0,600,0,0,0,,,,,,,
1014687,22632,0,0,-12059,0,0,24336,0,0,591,0,0,2273,,,,,,,
1016713,22644,0,0,-12169,0,0,24432,0,0,573,0,0,0,,,,,,,
1018735,22576,0,0,-12112,0,0,24352,0,0,572,0,0,0,,,,,,,
1021249,22608,0,0,-12162,0,0,24388,0,0,583,0,0,0,,,,,,,
1023271,22688,0,0,-12133,0,0,24360,0,0,590,0,0,0,,,,,,,
1025293,22480,0,0,-12061,0,0,24480,0,0,594,0,0,607,,,,,,,
1027747,22676,0,0,-12113,0,0,24380,0,0,603,0,0,0,,,,,,,
1029769,22652,0,0,-12061,0,0,24368,0,0,587,0,0,322,,,,,,,
1031791,22636,0,0,-11978,0,0,24388,0,0,584,0,0,2522,,,,,,,
1034020,22620,0,0,-12092,0,0,24284,0,0,587,0,0,0,,,,,,,
1036045,22628,0,0,-12186,0,0,24476,0,0,577,0,0,322,,,,,,,
1038067,22668,0,0,-12063,0,0,24324,0,0,599,0,0,2522,,,,,,,
1040202,22700,0,0,-12095,0,0,24396,0,0,608,0,0,181,,,,,,,
1042224,22616,0,0,-12218,0,0,24336,0,0,592,0,0,1961,,,,,,,
1044246,22592,0,0,-12108,0,0,24412,0,0,591,0,0,2323,,,,,,,
1046379,22684,0,0,-12137,0,0,24324,0,0,572,0,0,251,,,,,,,
1048401,22600,0,0,-12180,0,0,24408,0,0,599,0,0,2140,,,,,,,
1050431,22628,0,0,-12123,0,0,24392,0,0,579,0,0,0,,,,,,,
1052805,22644,0,0,-12018,0,0,24356,0,0,602,0,0,1280,,,,,,,
1054843,22716,0,0,-12133,0,0,24252,0,0,591,0,0,1968,,,,,,,
1056880,22740,0,0,-12035,0,0,24448,0,0,594,0,0,2288,,,,,,,
1059091,22544,0,0,-12087,0,0,24452,0,0,595,0,0,67,,,,,,,
1061113,22572,0,0,-12088,0,0,24392,0,0,586,0,0,1246,,,,,,,
1063135,22524,0,0,-11983,0,0,24452,0,0,603,0,0,2470,,,,,,,
1065589,22592,0,0,-12168,0,0,24460,0,0,597,0,0,619,,,,,,,
1067611,22608,0,0,-12036,0,0,24396,0,0,591,0,0,2501,,,,,,,
1069633,22604,0,0,-12076,0,0,24376,0,0,588,0,0,2191,,,,,,,
1072559,22712,0,0,-12066,0,0,24432,0,0,595,0,0,0,,,,,,,
1074581,22588,0,0,-12093,0,0,24312,0,0,584,0,0,187,,,,,,,
1076603,22652,0,0,-12140,0,0,24384,0,0,618,0,0,2505,,,,,,,
1079253,22608,0,0,-12102,0,0,24312,0,0,619,0,0,0,,,,,,,
1081275,22620,0,0,-12046,0,0,24296,0,0,578,0,0,162,,,,,,,
1083297,23120,0,0,-12109,0,0,24460,0,0,596,0,0,2512,,,,,,,
1085589,22632,0,0,-12009,0,0,24356,0,0,602,0,0,0,,,,,,,
1087611,22588,0,0,-12121,0,0,24356,0,0,591,0,0,670,,,,,,,
1089633,22644,0,0,-12117,0,0,24384,0,0,603,0,0,2450,,,,,,,
1092171,22720,0,0,-12072,0,0,24368,0,0,584,0,0,2386,,,,,,,
1094193,22756,0,0,-12034,0,0,24412,0,0,598,0,0,1292,,,,,,,
1096215,22636,0,0,-12040,0,0,24332,0,0,583,0,0,0,,,,,,,
1098392,22676,0,0,-11978,0,0,24380,0,0,592,0,0,0,,,,,,,
1100414,22644,0,0,-12197,0,0,24436,0,0,590,0,0,0,,,,,,,
1102436,22772,0,0,-12072,0,0,24316,0,0,617,0,0,229,,,,,,,
1105061,22748,0,0,-12039,0,0,24420,0,0,589,0,0,2269,,,,,,,
1107083,22652,0,0,-12069,0,0,24404,0,0,596,0,0,0,,,,,,,
1109105,22732,0,0,-12106,0,0,24240,0,0,583,0,0,0,,,,,,,
1111497,22740,0,0,-12064,0,0,24360,0,0,608,0,0,1771,,,,,,,
1113519,22652,0,0,-12108,0,0,24308,0,0,593,0,0,0,,,,,,,
1115541,22592,0,0,-12086,0,0,24356,0,0,610,0,0,0,,,,,,,
1117792,22608,0,0,-12059,0,0,24432,0,0,630,0,0,2795,,,,,,,
1119814,22648,0,0,-12038,0,0,24336,0,0,588,0,0,0,,,,,,,
1121836,22600,0,0,-12074,0,0,24356,0,0,610,0,0,0,,,,,,,
1124290,22572,0,0,-12126,0,0,24332,0,0,560,0,0,402,,,,,,,
1126312,22648,0,0,-12060,0,0,24364,0,0,570,0,0,0,,,,,,,
1128337,22648,0,0,-12092,0,0,24328,0,0,597,0,0,275,,,,,,,
1130791,22876,0,0,-12088,0,0,24244,0,0,597,0,0,0,,,,,,,
1132813,22640,0,0,-12040,0,0,24344,0,0,586,0,0,100,,,,,,,
1134835,22624,0,0,-12037,0,0,24336,0,0,584,0,0,1554,,,,,,,
1137240,22660,0,0,-12006,0,0,24392,0,0,575,0,0,1321,,,,,,,
1139262,22640,0,0,-12089,0,0,24408,0,0,610,0,0,0,,,,,,,
1141284,22664,0,0,-12065,0,0,24408,0,0,601,0,0,0,,,,,,,
1143499,22840,0,0,-12132,0,0,24328,0,0,593,0,0,0,,,,,,,
1145521,22632,0,0,-12047,0,0,24344,0,0,617,0,0,0,,,,,,,
1147547,22644,0,0,-12109,0,0,24364,0,0,610,0,0,2513,,,,,,,
1149802,22632,0,0,-12077,0,0,24364,0,0,621,0,0,381,,,,,,,
1151824,22764,0,0,-12133,0,0,24292,0,0,603,0,0,2559,,,,,,,
1153846,22728,0,0,-12063,0,0,24416,0,0,606,0,0,2251,,,,,,,
1156010,22672,0,0,-12104,0,0,24344,0,0,579,0,0,0,,,,,,,
1158032,22676,0,0,-12172,0,0,24396,0,0,585,0,0,0,,,,,,,
1160054,22660,0,0,-12097,0,0,24324,0,0,578,0,0,218,,,,,,,
1162200,22644,0,0,-12133,0,0,24308,0,0,604,0,0,2251,,,,,,,
1164222,22560,0,0,-11988,0,0,24352,0,0,598,0,0,289,,,,,,,
1166247,22664,0,0,-12148,0,0,24332,0,0,570,0,0,0,,,,,,,
1168476,22716,0,0,-12110,0,0,24376,0,0,615,0,0,2224,,,,,,,
1170504,22708,0,0,-12044,0,0,24348,0,0,610,0,0,0,,,,,,,
1172525,22592,0,0,-12071,0,0,24376,0,0,584,0,0,180,,,,,,,
1174693,22708,0,0,-12022,0,0,24332,0,0,589,0,0,1186,,,,,,,
1176715,22620,0,0,-11972,0,0,24344,0,0,579,0,0,0,,,,,,,
1178737,22704,0,0,-12151,0,0,24400,0,0,595,0,0,0,,,,,,,
1181121,22668,0,0,-12154,0,0,24408,0,0,612,0,0,1488,,,,,,,
1183143,22652,0,0,-11993,0,0,24316,0,0,586,0,0,3697,,,,,,,
1185169,22672,0,0,-12081,0,0,24380,0,0,593,0,0,0,,,,,,,
1187385,22680,0,0,-12125,0,0,24352,0,0,596,0,0,0,,,,,,,
1189407,22700,0,0,-12088,0,0,24296,0,0,580,0,0,0,,,,,,,
1191429,22604,0,0,-12036,0,0,24360,0,0,620,0,0,16,,,,,,,
1193502,22584,0,0,-12063,0,0,24392,0,0,589,0,0,0,,,,,,,
1195524,22664,0,0,-12104,0,0,24336,0,0,600,0,0,0,,,,,,,
1197546,22692,0,0,-12104,0,0,24340,0,0,595,0,0,433,,,,,,,
1199776,22788,0,0,-12093,0,0,24344,0,0,600,0,0,0,,,,,,,
1201798,22672,0,0,-12037,0,0,24212,0,0,596,0,0,0,,,,,,,
1203835,22608,0,0,-12053,0,0,24344,0,0,586,0,0,0,,,,,,,
1206402,22712,0,0,-11988,0,0,24396,0,0,587,0,0,2320,,,,,,,
1208424,22692,0,0,-12104,0,0,24396,0,0,608,0,0,748,,,,,,,
1210446,22668,0,0,-11996,0,0,24372,0,0,597,0,0,0,,,,,,,
1213115,22668,0,0,-12150,0,0,24344,0,0,585,0,0,2334,,,,,,,
1215137,22600,0,0,-12087,0,0,24416,0,0,589,0,0,847,,,,,,,
1217159,22664,0,0,-12139,0,0,24356,0,0,603,0,0,0,,,,,,,
1219466,22740,0,0,-12084,0,0,24280,0,0,609,0,0,2192,,,,,,,
1221492,22648,0,0,-12096,0,0,24396,0,0,573,0,0,0,,,,,,,
1223514,22672,0,0,-12037,0,0,24444,0,0,594,0,0,0,,,,,,,
1225809,22680,0,0,-12052,0,0,24376,0,0,593,0,0,0,,,,,,,
1227831,22612,0,0,-12147,0,0,24348,0,0,618,0,0,0,,,,,,,
1229853,22616,0,0,-12172,0,0,24308,0,0,601,0,0,343,,,,,,,
1231985,22748,0,0,-12157,0,0,24448,0,0,619,0,0,0,,,,,,,
1234007,22736,0,0,-12022,0,0,24452,0,0,606,0,0,48,,,,,,,
1236029,22692,0,0,-12137,0,0,24272,0,0,591,0,0,2035,,,,,,,
1238911,22712,0,0,-12135,0,0,24344,0,0,598,0,0,2220,,,,,,,
1240936,22600,0,0,-12127,0,0,24400,0,0,590,0,0,0,,,,,,,
1242958,22672,0,0,-12169,0,0,24336,0,0,582,0,0,51,,,,,,,
1245194,22672,0,0,-12110,0,0,24260,0,0,584,0,0,0,,,,,,,
1247216,22668,0,0,-12129,0,0,24420,0,0,613,0,0,1023,,,,,,,
1249238,22476,0,0,-12060,0,0,24340,0,0,612,0,0,2459,,,,,,,
1252100,22556,0,0,-12061,0,0,24364,0,0,602,0,0,85,,,,,,,
1254122,22636,0,0,-12075,0,0,24420,0,0,580,0,0,0,,,,,,,
1256144,22696,0,0,-11989,0,0,24384,0,0,596,0,0,42,,,,,,,
1258598,22676,0,0,-12140,0,0,24388,0,0,586,0,0,0,,,,,,,
1260624,22664,0,0,-12096,0,0,24348,0,0,597,0,0,2129,,,,,,,
1262646,22632,0,0,-12053,0,0,24344,0,0,610,0,0,2255,,,,,,,
1265104,22632,0,0,-12156,0,0,24372,0,0,608,0,0,2256,,,,,,,
1267126,22644,0,0,-12094,0,0,24400,0,0,578,0,0,0,,,,,,,
1269148,22636,0,0,-12070,0,0,24348,0,0,608,0,0,0,,,,,,,
1271669,22720,0,0,-12080,0,0,24292,0,0,585,0,0,0,,,,,,,
1273691,22680,0,0,-12043,0,0,24324,0,0,606,0,0,891,,,,,,,
1275713,22660,0,0,-12085,0,0,24396,0,0,580,0,0,2386,,,,,,,
1278008,22664,0,0,-12070,0,0,24316,0,0,608,0,0,1535,,,,,,,
1280033,22684,0,0,-12046,0,0,24376,0,0,599,0,0,1264,,,,,,,
1282055,22660,0,0,-12150,0,0,24348,0,0,592,0,0,0,,,,,,,
1284191,22664,0,0,-12029,0,0,24328,0,0,587,0,0,0,,,,,,,
1286213,22644,0,0,-12051,0,0,24368,0,0,607,0,0,0,,,,,,,
1288235,22668,0,0,-12043,0,0,24388,0,0,604,0,0,80,,,,,,,
1290700,22624,0,0,-12080,0,0,24280,0,0,568,0,0,2322,,,,,,,
1292722,22680,0,0,-12009,0,0,24480,0,0,609,0,0,1107,,,,,,,
1294752,22632,0,0,-12154,0,0,24340,0,0,608,0,0,547,,,,,,,
1296992,22636,0,0,-12077,0,0,24324,0,0,590,0,0,1582,,,,,,,
1299014,22568,0,0,-12050,0,0,24424,0,0,603,0,0,4002,,,,,,,
1301036,22628,0,0,-12144,0,0,24328,0,0,598,0,0,1053,,,,,,,
1303111,22652,0,0,-12026,0,0,24272,0,0,567,0,0,3794,,,,,,,
1305133,22600,0,0,-12102,0,0,24376,0,0,603,0,0,1360,,,,,,,
1307155,22676,0,0,-12066,0,0,24396,0,0,567,0,0,0,,,,,,,
1309812,22672,0,0,-12101,0,0,24224,0,0,608,0,0,0,,,,,,,
1311834,22544,0,0,-12188,0,0,24348,0,0,603,0,0,0,,,,,,,
1313856,22664,0,0,-12143,0,0,24316,0,0,623,0,0,0,,,,,,,
